date,rr_raw,rr_avec
2019-06-13 13:39:10,392,392.0
2019-06-13 13:39:10,385,385.0
2019-06-13 13:39:10,370,370.0
2019-06-13 13:39:11,351,351.0
2019-06-13 13:39:11,346,346.0
2019-06-13 13:39:12,343,343.0
2019-06-13 13:39:12,333,333.0
2019-06-13 13:39:12,323,323.0
2019-06-13 13:39:13,313,313.0
2019-06-13 13:39:13,334,334.0
2019-06-13 13:39:13,378,378.0
2019-06-13 13:39:14,379,379.0
2019-06-13 13:39:14,376,376.0
2019-06-13 13:39:14,377,377.0
2019-06-13 13:39:15,373,373.0
2019-06-13 13:39:15,355,355.0
2019-06-13 13:39:15,334,334.0
2019-06-13 13:39:16,320,320.0
2019-06-13 13:39:16,318,318.0
2019-06-13 13:39:16,304,304.0
2019-06-13 13:39:17,300,300.0
2019-06-13 13:39:17,299,299.0
2019-06-13 13:39:17,294,294.0
2019-06-13 13:39:17,292,
2019-06-13 13:39:18,293,293.0
2019-06-13 13:39:18,301,301.0
2019-06-13 13:39:18,332,332.0
2019-06-13 13:39:19,333,333.0
2019-06-13 13:39:19,312,312.0
2019-06-13 13:39:19,307,307.0
2019-06-13 13:39:20,304,304.0
2019-06-13 13:39:20,302,302.0
2019-06-13 13:39:20,292,292.0
2019-06-13 13:39:21,290,290.0
2019-06-13 13:39:21,287,287.0
2019-06-13 13:39:21,282,
2019-06-13 13:39:21,279,
2019-06-13 13:39:22,277,
2019-06-13 13:39:22,282,
2019-06-13 13:39:22,277,
2019-06-13 13:39:23,287,
2019-06-13 13:39:23,295,295.0
2019-06-13 13:39:24,389,389.0
2019-06-13 13:39:24,523,
2019-06-13 13:39:25,509,
2019-06-13 13:39:25,511,
2019-06-13 13:39:25,459,
2019-06-13 13:39:26,449,
2019-06-13 13:39:26,390,390.0
2019-06-13 13:39:27,376,376.0
2019-06-13 13:39:27,353,353.0
2019-06-13 13:39:27,327,327.0
2019-06-13 13:39:28,318,
2019-06-13 13:39:28,332,332.0
2019-06-13 13:39:28,385,385.0
2019-06-13 13:39:29,410,410.0
2019-06-13 13:39:29,387,387.0
2019-06-13 13:39:30,393,393.0
2019-06-13 13:39:30,386,386.0
2019-06-13 13:39:30,382,382.0
2019-06-13 13:39:31,376,376.0
2019-06-13 13:39:31,380,380.0
2019-06-13 13:39:31,375,375.0
2019-06-13 13:39:32,378,378.0
2019-06-13 13:39:32,375,375.0
2019-06-13 13:39:34,388,388.0
2019-06-13 13:39:34,409,409.0
2019-06-13 13:39:34,450,
2019-06-13 13:39:34,539,
2019-06-13 13:39:35,585,
2019-06-13 13:39:35,481,
2019-06-13 13:39:36,441,
2019-06-13 13:39:36,412,412.0
2019-06-13 13:39:36,389,389.0
2019-06-13 13:39:37,374,374.0
2019-06-13 13:39:37,360,360.0
2019-06-13 13:39:37,342,342.0
2019-06-13 13:39:38,333,333.0
2019-06-13 13:39:38,330,330.0
2019-06-13 13:39:38,322,
2019-06-13 13:39:39,321,
2019-06-13 13:39:39,316,
2019-06-13 13:39:39,312,
2019-06-13 13:39:39,311,
2019-06-13 13:39:40,302,
2019-06-13 13:39:40,307,
2019-06-13 13:39:40,311,
2019-06-13 13:39:41,331,
2019-06-13 13:39:41,375,375.0
2019-06-13 13:39:42,411,411.0
2019-06-13 13:39:42,405,405.0
2019-06-13 13:39:42,396,396.0
2019-06-13 13:39:43,391,391.0
2019-06-13 13:39:43,378,378.0
2019-06-13 13:39:43,363,363.0
2019-06-13 13:39:44,341,341.0
2019-06-13 13:39:44,333,
2019-06-13 13:39:44,329,
2019-06-13 13:39:45,339,
2019-06-13 13:39:45,359,359.0
2019-06-13 13:39:46,407,407.0
2019-06-13 13:39:46,416,416.0
2019-06-13 13:39:47,441,
2019-06-13 13:39:47,435,
2019-06-13 13:39:47,433,
2019-06-13 13:39:48,433,
2019-06-13 13:39:48,430,
2019-06-13 13:39:49,439,
2019-06-13 13:39:49,444,
2019-06-13 13:39:50,483,
2019-06-13 13:39:50,475,
2019-06-13 13:39:51,434,
2019-06-13 13:39:51,415,415.0
2019-06-13 13:39:51,407,407.0
2019-06-13 13:39:52,394,394.0
2019-06-13 13:39:52,382,382.0
2019-06-13 13:39:52,371,371.0
2019-06-13 13:39:53,343,343.0
2019-06-13 13:39:53,321,
2019-06-13 13:39:53,308,
2019-06-13 13:39:54,298,
2019-06-13 13:39:54,294,
2019-06-13 13:39:54,284,
2019-06-13 13:39:54,286,
2019-06-13 13:39:55,287,
2019-06-13 13:39:55,284,
2019-06-13 13:39:55,307,307.0
2019-06-13 13:39:56,301,
2019-06-13 13:39:56,371,371.0
2019-06-13 13:39:57,364,364.0
2019-06-13 13:39:57,391,
2019-06-13 13:39:57,394,
2019-06-13 13:39:58,381,
2019-06-13 13:39:58,375,375.0
2019-06-13 13:39:58,370,370.0
2019-06-13 13:39:59,351,351.0
2019-06-13 13:39:59,338,338.0
2019-06-13 13:39:59,322,322.0
2019-06-13 13:40:00,313,313.0
2019-06-13 13:40:00,308,
2019-06-13 13:40:00,302,
2019-06-13 13:40:01,295,
2019-06-13 13:40:01,295,
2019-06-13 13:40:01,290,
2019-06-13 13:40:01,299,
2019-06-13 13:40:02,317,
2019-06-13 13:40:02,350,350.0
2019-06-13 13:40:03,398,
2019-06-13 13:40:03,403,
2019-06-13 13:40:04,429,
2019-06-13 13:40:04,421,
2019-06-13 13:40:04,416,
2019-06-13 13:40:05,419,
2019-06-13 13:40:05,401,
2019-06-13 13:40:07,399,
2019-06-13 13:40:07,381,
2019-06-13 13:40:07,375,
2019-06-13 13:40:08,368,368.0
2019-06-13 13:40:08,358,358.0
2019-06-13 13:40:08,339,339.0
2019-06-13 13:40:08,335,335.0
2019-06-13 13:40:08,327,327.0
2019-06-13 13:40:08,324,324.0
2019-06-13 13:40:10,324,324.0
2019-06-13 13:40:10,319,319.0
2019-06-13 13:40:10,325,325.0
2019-06-13 13:40:11,327,327.0
2019-06-13 13:40:11,316,
2019-06-13 13:40:11,313,
2019-06-13 13:40:11,312,
2019-06-13 13:40:11,308,
2019-06-13 13:40:11,303,
2019-06-13 13:40:11,308,
2019-06-13 13:40:12,317,317.0
2019-06-13 13:40:12,311,
2019-06-13 13:40:12,309,
2019-06-13 13:40:13,324,324.0
2019-06-13 13:40:13,316,316.0
2019-06-13 13:40:13,311,
2019-06-13 13:40:14,318,318.0
2019-06-13 13:40:14,329,329.0
2019-06-13 13:40:14,346,
2019-06-13 13:40:15,352,
2019-06-13 13:40:15,350,
2019-06-13 13:40:15,337,337.0
2019-06-13 13:40:16,330,330.0
2019-06-13 13:40:16,333,333.0
2019-06-13 13:40:16,332,332.0
2019-06-13 13:40:17,325,325.0
2019-06-13 13:40:17,336,336.0
2019-06-13 13:40:17,325,325.0
2019-06-13 13:40:18,319,
2019-06-13 13:40:18,323,323.0
2019-06-13 13:40:18,322,322.0
2019-06-13 13:40:19,322,322.0
2019-06-13 13:40:19,325,325.0
2019-06-13 13:40:19,331,331.0
2019-06-13 13:40:20,336,336.0
2019-06-13 13:40:20,331,331.0
2019-06-13 13:40:20,351,351.0
2019-06-13 13:40:21,344,344.0
2019-06-13 13:40:21,355,355.0
2019-06-13 13:40:21,374,
2019-06-13 13:40:22,386,
2019-06-13 13:40:22,375,
2019-06-13 13:40:23,371,
2019-06-13 13:40:23,359,359.0
2019-06-13 13:40:23,349,349.0
2019-06-13 13:40:24,336,336.0
2019-06-13 13:40:24,328,
2019-06-13 13:40:24,337,337.0
2019-06-13 13:40:25,325,
2019-06-13 13:40:25,322,
2019-06-13 13:40:25,339,339.0
2019-06-13 13:40:26,325,
2019-06-13 13:40:26,323,
2019-06-13 13:40:26,334,334.0
2019-06-13 13:40:27,349,349.0
2019-06-13 13:40:27,372,
2019-06-13 13:40:27,386,
2019-06-13 13:40:28,400,
2019-06-13 13:40:28,392,
2019-06-13 13:40:29,390,
2019-06-13 13:40:29,389,
2019-06-13 13:40:29,387,
2019-06-13 13:40:30,380,
2019-06-13 13:40:30,373,
2019-06-13 13:40:30,371,
2019-06-13 13:40:31,362,
2019-06-13 13:40:31,354,354.0
2019-06-13 13:40:31,343,343.0
2019-06-13 13:40:32,331,331.0
2019-06-13 13:40:32,324,324.0
2019-06-13 13:40:32,313,313.0
2019-06-13 13:40:33,310,310.0
2019-06-13 13:40:33,305,
2019-06-13 13:40:33,300,
2019-06-13 13:40:34,293,
2019-06-13 13:40:34,293,
2019-06-13 13:40:34,293,
2019-06-13 13:40:34,285,
2019-06-13 13:40:35,290,
2019-06-13 13:40:35,285,
2019-06-13 13:40:35,285,
2019-06-13 13:40:36,292,
2019-06-13 13:40:36,333,333.0
2019-06-13 13:40:36,332,332.0
2019-06-13 13:40:37,317,317.0
2019-06-13 13:40:37,307,307.0
2019-06-13 13:40:37,310,310.0
2019-06-13 13:40:38,305,305.0
2019-06-13 13:40:38,311,311.0
2019-06-13 13:40:38,355,
2019-06-13 13:40:39,337,337.0
2019-06-13 13:40:39,344,
2019-06-13 13:40:39,343,343.0
2019-06-13 13:40:40,362,
2019-06-13 13:40:40,354,
2019-06-13 13:40:40,370,
2019-06-13 13:40:41,375,
2019-06-13 13:40:41,370,
2019-06-13 13:40:41,368,
2019-06-13 13:40:42,356,
2019-06-13 13:40:42,348,
2019-06-13 13:40:42,343,
2019-06-13 13:40:43,338,338.0
2019-06-13 13:40:43,338,338.0
2019-06-13 13:40:43,317,317.0
2019-06-13 13:40:44,317,317.0
2019-06-13 13:40:44,306,306.0
2019-06-13 13:40:44,300,300.0
2019-06-13 13:40:45,293,293.0
2019-06-13 13:40:45,287,287.0
2019-06-13 13:40:45,285,285.0
2019-06-13 13:40:45,282,
2019-06-13 13:40:46,282,
2019-06-13 13:40:46,278,
2019-06-13 13:40:46,274,
2019-06-13 13:40:48,272,
2019-06-13 13:40:48,267,
2019-06-13 13:40:48,269,
2019-06-13 13:40:48,270,
2019-06-13 13:40:48,267,
2019-06-13 13:40:48,271,
2019-06-13 13:40:48,272,
2019-06-13 13:40:48,276,
2019-06-13 13:40:50,272,
2019-06-13 13:40:50,275,
2019-06-13 13:40:50,290,290.0
2019-06-13 13:40:50,297,297.0
2019-06-13 13:40:50,315,315.0
2019-06-13 13:40:50,342,342.0
2019-06-13 13:40:51,360,360.0
2019-06-13 13:40:51,383,
2019-06-13 13:40:52,382,382.0
2019-06-13 13:40:52,385,385.0
2019-06-13 13:40:52,390,390.0
2019-06-13 13:40:53,375,375.0
2019-06-13 13:40:53,362,362.0
2019-06-13 13:40:53,352,352.0
2019-06-13 13:40:54,333,333.0
2019-06-13 13:40:54,316,316.0
2019-06-13 13:40:54,323,323.0
2019-06-13 13:40:55,369,369.0
2019-06-13 13:40:55,370,370.0
2019-06-13 13:40:56,374,374.0
2019-06-13 13:40:56,387,387.0
2019-06-13 13:40:56,396,396.0
2019-06-13 13:40:57,403,
2019-06-13 13:40:57,405,
2019-06-13 13:40:58,420,
2019-06-13 13:40:58,458,
2019-06-13 13:40:59,461,
2019-06-13 13:40:59,440,
2019-06-13 13:40:59,423,
2019-06-13 13:41:00,405,
2019-06-13 13:41:00,389,389.0
2019-06-13 13:41:00,366,366.0
2019-06-13 13:41:01,339,339.0
2019-06-13 13:41:01,320,320.0
2019-06-13 13:41:01,303,303.0
2019-06-13 13:41:02,297,
2019-06-13 13:41:02,290,
2019-06-13 13:41:02,284,
2019-06-13 13:41:02,277,
2019-06-13 13:41:03,278,
2019-06-13 13:41:03,277,
2019-06-13 13:41:03,274,
2019-06-13 13:41:04,283,
2019-06-13 13:41:04,291,
2019-06-13 13:41:04,301,
2019-06-13 13:41:04,298,
2019-06-13 13:41:05,303,303.0
2019-06-13 13:41:05,326,326.0
2019-06-13 13:41:05,321,321.0
2019-06-13 13:41:06,318,318.0
2019-06-13 13:41:06,333,333.0
2019-06-13 13:41:06,320,320.0
2019-06-13 13:41:07,320,320.0
2019-06-13 13:41:07,316,316.0
2019-06-13 13:41:07,321,321.0
2019-06-13 13:41:08,332,332.0
2019-06-13 13:41:08,367,367.0
2019-06-13 13:41:09,380,380.0
2019-06-13 13:41:09,374,374.0
2019-06-13 13:41:09,396,396.0
2019-06-13 13:41:10,400,400.0
2019-06-13 13:41:10,388,388.0
2019-06-13 13:41:11,381,381.0
2019-06-13 13:41:11,389,389.0
2019-06-13 13:41:11,382,382.0
2019-06-13 13:41:12,376,376.0
2019-06-13 13:41:12,376,376.0
2019-06-13 13:41:12,365,365.0
2019-06-13 13:41:13,361,361.0
2019-06-13 13:41:13,402,402.0
2019-06-13 13:41:14,408,408.0
2019-06-13 13:41:14,430,
2019-06-13 13:41:15,431,
2019-06-13 13:41:15,423,423.0
2019-06-13 13:41:15,426,
2019-06-13 13:41:16,424,
2019-06-13 13:41:16,469,
2019-06-13 13:41:17,534,
2019-06-13 13:41:17,444,
2019-06-13 13:41:18,427,
2019-06-13 13:41:18,416,416.0
2019-06-13 13:41:18,393,393.0
2019-06-13 13:41:19,384,384.0
2019-06-13 13:41:19,381,381.0
2019-06-13 13:41:19,378,378.0
2019-06-13 13:41:20,370,370.0
2019-06-13 13:41:20,376,376.0
2019-06-13 13:41:21,390,390.0
2019-06-13 13:41:21,405,405.0
2019-06-13 13:41:22,399,399.0
2019-06-13 13:41:22,402,402.0
2019-06-13 13:41:22,388,388.0
2019-06-13 13:41:23,382,382.0
2019-06-13 13:41:23,370,370.0
2019-06-13 13:41:23,356,356.0
2019-06-13 13:41:24,342,342.0
2019-06-13 13:41:24,330,330.0
2019-06-13 13:41:24,319,
2019-06-13 13:41:25,321,
2019-06-13 13:41:25,311,
2019-06-13 13:41:25,321,
2019-06-13 13:41:26,331,331.0
2019-06-13 13:41:26,337,337.0
2019-06-13 13:41:26,317,
2019-06-13 13:41:27,320,
2019-06-13 13:41:27,315,
2019-06-13 13:41:27,315,
2019-06-13 13:41:27,305,
2019-06-13 13:41:28,301,
2019-06-13 13:41:28,303,
2019-06-13 13:41:28,308,
2019-06-13 13:41:29,323,
2019-06-13 13:41:29,375,375.0
2019-06-13 13:41:30,396,396.0
2019-06-13 13:41:30,427,427.0
2019-06-13 13:41:31,448,448.0
2019-06-13 13:41:31,475,475.0
2019-06-13 13:41:32,500,500.0
2019-06-13 13:41:32,488,488.0
2019-06-13 13:41:33,468,468.0
2019-06-13 13:41:33,481,481.0
2019-06-13 13:41:34,537,537.0
2019-06-13 13:41:34,542,542.0
2019-06-13 13:41:35,590,590.0
2019-06-13 13:41:35,546,546.0
2019-06-13 13:41:36,644,
2019-06-13 13:41:36,451,451.0
2019-06-13 13:41:37,438,438.0
2019-06-13 13:41:38,469,469.0
2019-06-13 13:41:38,692,
2019-06-13 13:41:39,788,
2019-06-13 13:41:40,670,
2019-06-13 13:41:41,656,656.0
2019-06-13 13:41:41,735,
2019-06-13 13:41:42,665,665.0
2019-06-13 13:41:43,663,663.0
2019-06-13 13:41:43,793,
2019-06-13 13:41:44,676,676.0
2019-06-13 13:41:45,734,
2019-06-13 13:41:45,750,
2019-06-13 13:41:46,668,668.0
2019-06-13 13:41:46,583,583.0
2019-06-13 13:41:47,515,
2019-06-13 13:41:48,523,
2019-06-13 13:41:48,515,
2019-06-13 13:41:48,526,526.0
2019-06-13 13:41:49,494,
2019-06-13 13:41:49,449,
2019-06-13 13:41:50,464,
2019-06-13 13:41:51,569,569.0
2019-06-13 13:41:52,648,648.0
2019-06-13 13:41:52,722,
2019-06-13 13:41:53,766,
2019-06-13 13:41:54,808,
2019-06-13 13:41:54,831,
2019-06-13 13:41:55,616,616.0
2019-06-13 13:41:56,575,575.0
2019-06-13 13:41:56,557,557.0
2019-06-13 13:41:57,603,603.0
2019-06-13 13:41:57,610,610.0
2019-06-13 13:41:58,587,587.0
2019-06-13 13:41:58,503,503.0
2019-06-13 13:41:59,503,503.0
2019-06-13 13:41:59,487,
2019-06-13 13:42:00,480,
2019-06-13 13:42:00,481,
2019-06-13 13:42:01,466,
2019-06-13 13:42:01,461,
2019-06-13 13:42:02,451,
2019-06-13 13:42:02,458,
2019-06-13 13:42:03,481,
2019-06-13 13:42:03,485,
2019-06-13 13:42:04,491,
2019-06-13 13:42:04,505,
2019-06-13 13:42:05,538,538.0
2019-06-13 13:42:05,565,565.0
2019-06-13 13:42:06,611,611.0
2019-06-13 13:42:07,669,
2019-06-13 13:42:07,634,634.0
2019-06-13 13:42:08,643,643.0
2019-06-13 13:42:09,625,625.0
2019-06-13 13:42:09,615,615.0
2019-06-13 13:42:10,635,635.0
2019-06-13 13:42:11,675,
2019-06-13 13:42:11,674,
2019-06-13 13:42:12,676,
2019-06-13 13:42:13,649,
2019-06-13 13:42:13,632,632.0
2019-06-13 13:42:14,627,627.0
2019-06-13 13:42:14,631,631.0
2019-06-13 13:42:15,628,628.0
2019-06-13 13:42:16,703,
2019-06-13 13:42:16,626,626.0
2019-06-13 13:42:17,636,636.0
2019-06-13 13:42:18,669,
2019-06-13 13:42:18,634,634.0
2019-06-13 13:42:19,625,625.0
2019-06-13 13:42:20,625,625.0
2019-06-13 13:42:20,629,629.0
2019-06-13 13:42:21,603,603.0
2019-06-13 13:42:21,585,
2019-06-13 13:42:22,515,
2019-06-13 13:42:22,477,
2019-06-13 13:42:23,580,
2019-06-13 13:42:24,595,595.0
2019-06-13 13:42:24,607,607.0
2019-06-13 13:42:25,611,611.0
2019-06-13 13:42:25,623,623.0
2019-06-13 13:42:26,609,609.0
2019-06-13 13:42:27,593,593.0
2019-06-13 13:42:27,649,
2019-06-13 13:42:28,647,
2019-06-13 13:42:29,652,
2019-06-13 13:42:29,695,
2019-06-13 13:42:30,641,
2019-06-13 13:42:31,633,
2019-06-13 13:42:31,660,
2019-06-13 13:42:33,669,
2019-06-13 13:42:33,596,596.0
2019-06-13 13:42:33,574,574.0
2019-06-13 13:42:34,591,591.0
2019-06-13 13:42:34,620,620.0
2019-06-13 13:42:35,653,
2019-06-13 13:42:35,549,549.0
2019-06-13 13:42:36,541,541.0
2019-06-13 13:42:36,489,
2019-06-13 13:42:37,468,
2019-06-13 13:42:37,460,
2019-06-13 13:42:38,449,
2019-06-13 13:42:38,481,
2019-06-13 13:42:39,483,
2019-06-13 13:42:39,493,
2019-06-13 13:42:41,487,
2019-06-13 13:42:41,493,
2019-06-13 13:42:41,502,
2019-06-13 13:42:41,525,
2019-06-13 13:42:42,536,536.0
2019-06-13 13:42:42,628,628.0
2019-06-13 13:42:43,647,647.0
2019-06-13 13:42:44,652,652.0
2019-06-13 13:42:45,706,
2019-06-13 13:42:45,712,
2019-06-13 13:42:46,640,640.0
2019-06-13 13:42:47,637,637.0
2019-06-13 13:42:47,653,653.0
2019-06-13 13:42:48,692,
2019-06-13 13:42:49,697,
2019-06-13 13:42:50,742,
2019-06-13 13:42:50,671,671.0
2019-06-13 13:42:51,815,
2019-06-13 13:42:51,641,641.0
2019-06-13 13:42:52,592,592.0
2019-06-13 13:42:53,698,
2019-06-13 13:42:53,654,654.0
2019-06-13 13:42:54,704,
2019-06-13 13:42:55,645,645.0
2019-06-13 13:42:55,729,
2019-06-13 13:42:56,716,
2019-06-13 13:42:57,585,585.0
2019-06-13 13:42:57,571,
2019-06-13 13:42:58,593,593.0
2019-06-13 13:42:59,634,634.0
2019-06-13 13:42:59,644,644.0
2019-06-13 13:43:00,644,644.0
2019-06-13 13:43:01,801,
2019-06-13 13:43:01,595,595.0
2019-06-13 13:43:02,586,586.0
2019-06-13 13:43:02,567,567.0
2019-06-13 13:43:03,569,569.0
2019-06-13 13:43:03,567,567.0
2019-06-13 13:43:04,618,618.0
2019-06-13 13:43:05,639,639.0
2019-06-13 13:43:05,583,583.0
2019-06-13 13:43:06,519,
2019-06-13 13:43:06,536,536.0
2019-06-13 13:43:07,533,533.0
2019-06-13 13:43:07,537,537.0
2019-06-13 13:43:08,519,
2019-06-13 13:43:08,543,543.0
2019-06-13 13:43:09,551,551.0
2019-06-13 13:43:09,611,611.0
2019-06-13 13:43:10,555,555.0
2019-06-13 13:43:11,519,
2019-06-13 13:43:11,536,536.0
2019-06-13 13:43:12,529,529.0
2019-06-13 13:43:12,521,521.0
2019-06-13 13:43:13,504,
2019-06-13 13:43:13,502,
2019-06-13 13:43:14,505,
2019-06-13 13:43:14,490,
2019-06-13 13:43:15,506,
2019-06-13 13:43:15,519,
2019-06-13 13:43:16,757,
2019-06-13 13:43:17,571,571.0
2019-06-13 13:43:18,816,
2019-06-13 13:43:18,623,623.0
2019-06-13 13:43:19,791,
2019-06-13 13:43:20,589,589.0
2019-06-13 13:43:20,875,
2019-06-13 13:43:21,616,616.0
2019-06-13 13:43:23,611,611.0
2019-06-13 13:43:23,643,643.0
2019-06-13 13:43:24,624,624.0
2019-06-13 13:43:24,786,
2019-06-13 13:43:24,631,631.0
2019-06-13 13:43:25,552,552.0
2019-06-13 13:43:26,730,
2019-06-13 13:43:26,639,639.0
2019-06-13 13:43:27,712,
2019-06-13 13:43:28,796,
2019-06-13 13:43:28,616,616.0
2019-06-13 13:43:29,582,582.0
2019-06-13 13:43:29,574,574.0
2019-06-13 13:43:30,572,572.0
2019-06-13 13:43:30,540,540.0
2019-06-13 13:43:31,509,509.0
2019-06-13 13:43:31,485,485.0
2019-06-13 13:43:32,537,537.0
2019-06-13 13:43:33,539,539.0
2019-06-13 13:43:33,528,528.0
2019-06-13 13:43:34,583,583.0
2019-06-13 13:43:34,579,579.0
2019-06-13 13:43:35,532,532.0
2019-06-13 13:43:35,478,478.0
2019-06-13 13:43:35,462,462.0
2019-06-13 13:43:36,439,439.0
2019-06-13 13:43:36,418,418.0
2019-06-13 13:43:37,400,400.0
2019-06-13 13:43:37,383,383.0
2019-06-13 13:43:37,374,374.0
2019-06-13 13:43:38,356,356.0
2019-06-13 13:43:38,344,344.0
2019-06-13 13:43:38,333,333.0
2019-06-13 13:43:39,318,318.0
2019-06-13 13:43:39,313,313.0
2019-06-13 13:43:39,305,305.0
2019-06-13 13:43:39,298,298.0
2019-06-13 13:43:40,291,
2019-06-13 13:43:40,286,
2019-06-13 13:43:40,284,
2019-06-13 13:43:41,288,
2019-06-13 13:43:41,283,
2019-06-13 13:43:41,276,
2019-06-13 13:43:41,282,
2019-06-13 13:43:42,281,
2019-06-13 13:43:42,281,
2019-06-13 13:43:42,295,
2019-06-13 13:43:43,299,
2019-06-13 13:43:43,305,305.0
2019-06-13 13:43:43,304,304.0
2019-06-13 13:43:44,323,323.0
2019-06-13 13:43:44,321,321.0
2019-06-13 13:43:44,347,347.0
2019-06-13 13:43:45,355,355.0
2019-06-13 13:43:45,368,368.0
2019-06-13 13:43:46,375,375.0
2019-06-13 13:43:46,408,408.0
2019-06-13 13:43:46,407,407.0
2019-06-13 13:43:47,413,413.0
2019-06-13 13:43:47,431,431.0
2019-06-13 13:43:48,416,416.0
2019-06-13 13:43:48,394,394.0
2019-06-13 13:43:48,397,397.0
2019-06-13 13:43:49,371,371.0
2019-06-13 13:43:49,372,372.0
2019-06-13 13:43:50,397,397.0
2019-06-13 13:43:50,498,498.0
2019-06-13 13:43:51,456,456.0
2019-06-13 13:43:51,586,
2019-06-13 13:43:52,577,
2019-06-13 13:43:52,487,487.0
2019-06-13 13:43:53,553,553.0
2019-06-13 13:43:53,448,448.0
2019-06-13 13:43:55,664,
2019-06-13 13:43:55,484,484.0
2019-06-13 13:43:55,561,
2019-06-13 13:43:56,463,463.0
2019-06-13 13:43:56,752,
2019-06-13 13:43:57,548,548.0
2019-06-13 13:43:57,470,470.0
2019-06-13 13:43:58,540,540.0
2019-06-13 13:43:58,475,475.0
2019-06-13 13:43:59,517,517.0
2019-06-13 13:44:00,458,458.0
2019-06-13 13:44:00,653,
2019-06-13 13:44:02,607,
2019-06-13 13:44:02,514,514.0
2019-06-13 13:44:02,604,
2019-06-13 13:44:02,511,511.0
2019-06-13 13:44:03,475,475.0
2019-06-13 13:44:03,490,490.0
2019-06-13 13:44:04,458,
2019-06-13 13:44:04,492,492.0
2019-06-13 13:44:04,448,
2019-06-13 13:44:05,479,479.0
2019-06-13 13:44:05,452,
2019-06-13 13:44:06,461,
2019-06-13 13:44:06,520,520.0
2019-06-13 13:44:07,477,477.0
2019-06-13 13:44:07,503,503.0
2019-06-13 13:44:08,482,482.0
2019-06-13 13:44:08,475,475.0
2019-06-13 13:44:09,483,483.0
2019-06-13 13:44:09,480,480.0
2019-06-13 13:44:10,463,463.0
2019-06-13 13:44:10,455,455.0
2019-06-13 13:44:11,456,456.0
2019-06-13 13:44:11,488,488.0
2019-06-13 13:44:12,501,501.0
2019-06-13 13:44:12,637,
2019-06-13 13:44:13,540,
2019-06-13 13:44:14,543,
2019-06-13 13:44:14,568,
2019-06-13 13:44:15,558,
2019-06-13 13:44:15,542,
2019-06-13 13:44:16,502,502.0
2019-06-13 13:44:16,481,481.0
2019-06-13 13:44:17,470,470.0
2019-06-13 13:44:17,474,474.0
2019-06-13 13:44:17,485,485.0
2019-06-13 13:44:18,481,481.0
2019-06-13 13:44:18,448,448.0
2019-06-13 13:44:19,426,426.0
2019-06-13 13:44:19,399,399.0
2019-06-13 13:44:19,376,376.0
2019-06-13 13:44:20,358,358.0
2019-06-13 13:44:20,344,344.0
2019-06-13 13:44:20,334,334.0
2019-06-13 13:44:21,325,325.0
2019-06-13 13:44:21,324,324.0
2019-06-13 13:44:21,320,320.0
2019-06-13 13:44:22,314,314.0
2019-06-13 13:44:22,311,311.0
2019-06-13 13:44:22,311,311.0
2019-06-13 13:44:23,307,307.0
2019-06-13 13:44:23,303,303.0
2019-06-13 13:44:23,312,312.0
2019-06-13 13:44:23,304,304.0
2019-06-13 13:44:24,300,300.0
2019-06-13 13:44:24,302,302.0
2019-06-13 13:44:24,295,
2019-06-13 13:44:25,299,
2019-06-13 13:44:25,304,304.0
2019-06-13 13:44:25,298,
2019-06-13 13:44:26,300,
2019-06-13 13:44:26,303,303.0
2019-06-13 13:44:26,302,302.0
2019-06-13 13:44:26,302,302.0
2019-06-13 13:44:27,308,308.0
2019-06-13 13:44:27,305,305.0
2019-06-13 13:44:27,306,306.0
2019-06-13 13:44:28,310,310.0
2019-06-13 13:44:28,313,313.0
2019-06-13 13:44:28,322,322.0
2019-06-13 13:44:29,333,333.0
2019-06-13 13:44:29,342,342.0
2019-06-13 13:44:30,376,376.0
2019-06-13 13:44:30,399,
2019-06-13 13:44:30,387,387.0
2019-06-13 13:44:31,402,402.0
2019-06-13 13:44:31,417,
2019-06-13 13:44:32,429,
2019-06-13 13:44:32,455,
2019-06-13 13:44:33,416,416.0
2019-06-13 13:44:33,411,411.0
2019-06-13 13:44:33,414,414.0
2019-06-13 13:44:34,409,409.0
2019-06-13 13:44:34,404,404.0
2019-06-13 13:44:34,391,391.0
2019-06-13 13:44:35,375,375.0
2019-06-13 13:44:35,363,363.0
2019-06-13 13:44:36,370,370.0
2019-06-13 13:44:36,374,374.0
2019-06-13 13:44:36,405,405.0
2019-06-13 13:44:37,412,412.0
2019-06-13 13:44:37,440,
2019-06-13 13:44:38,431,
2019-06-13 13:44:38,454,
2019-06-13 13:44:39,437,
2019-06-13 13:44:39,433,
2019-06-13 13:44:39,418,418.0
2019-06-13 13:44:40,411,411.0
2019-06-13 13:44:40,406,406.0
2019-06-13 13:44:42,397,397.0
2019-06-13 13:44:42,396,396.0
2019-06-13 13:44:42,394,394.0
2019-06-13 13:44:43,387,387.0
2019-06-13 13:44:43,384,384.0
2019-06-13 13:44:44,380,380.0
2019-06-13 13:44:44,375,375.0
2019-06-13 13:44:44,375,375.0
2019-06-13 13:44:44,394,394.0
2019-06-13 13:44:44,390,390.0
2019-06-13 13:44:44,390,390.0
2019-06-13 13:44:45,385,385.0
2019-06-13 13:44:45,373,373.0
2019-06-13 13:44:46,365,
2019-06-13 13:44:46,364,
2019-06-13 13:44:46,351,
2019-06-13 13:44:47,345,
2019-06-13 13:44:47,341,
2019-06-13 13:44:47,345,
2019-06-13 13:44:48,363,
2019-06-13 13:44:48,356,
2019-06-13 13:44:48,370,370.0
2019-06-13 13:44:50,373,373.0
2019-06-13 13:44:50,369,369.0
2019-06-13 13:44:50,377,377.0
2019-06-13 13:44:50,381,381.0
2019-06-13 13:44:50,375,375.0
2019-06-13 13:44:51,382,382.0
2019-06-13 13:44:51,398,398.0
2019-06-13 13:44:52,405,405.0
2019-06-13 13:44:52,416,
2019-06-13 13:44:53,428,
2019-06-13 13:44:53,442,
2019-06-13 13:44:53,458,
2019-06-13 13:44:54,499,
2019-06-13 13:44:54,469,
2019-06-13 13:44:55,447,
2019-06-13 13:44:55,418,
2019-06-13 13:44:56,396,396.0
2019-06-13 13:44:56,386,386.0
2019-06-13 13:44:56,384,384.0
2019-06-13 13:44:57,377,377.0
2019-06-13 13:44:57,377,377.0
2019-06-13 13:44:57,382,382.0
2019-06-13 13:44:58,381,381.0
2019-06-13 13:44:58,390,390.0
2019-06-13 13:44:59,387,387.0
2019-06-13 13:44:59,377,377.0
2019-06-13 13:44:59,370,370.0
2019-06-13 13:45:00,359,359.0
2019-06-13 13:45:00,346,
2019-06-13 13:45:00,345,
2019-06-13 13:45:01,336,
2019-06-13 13:45:01,333,
2019-06-13 13:45:01,336,
2019-06-13 13:45:02,334,
2019-06-13 13:45:02,335,
2019-06-13 13:45:02,334,
2019-06-13 13:45:03,331,
2019-06-13 13:45:03,341,
2019-06-13 13:45:03,367,367.0
2019-06-13 13:45:04,400,400.0
2019-06-13 13:45:04,390,390.0
2019-06-13 13:45:05,416,416.0
2019-06-13 13:45:05,415,415.0
2019-06-13 13:45:05,409,409.0
2019-06-13 13:45:06,407,407.0
2019-06-13 13:45:06,397,397.0
2019-06-13 13:45:07,386,386.0
2019-06-13 13:45:07,376,376.0
2019-06-13 13:45:07,405,405.0
2019-06-13 13:45:08,418,418.0
2019-06-13 13:45:08,426,426.0
2019-06-13 13:45:09,414,414.0
2019-06-13 13:45:09,419,419.0
2019-06-13 13:45:10,429,429.0
2019-06-13 13:45:10,449,449.0
2019-06-13 13:45:11,449,449.0
2019-06-13 13:45:11,550,
2019-06-13 13:45:12,594,
2019-06-13 13:45:12,615,
2019-06-13 13:45:13,510,510.0
2019-06-13 13:45:13,474,474.0
2019-06-13 13:45:14,504,504.0
2019-06-13 13:45:14,484,484.0
2019-06-13 13:45:15,477,477.0
2019-06-13 13:45:16,536,
2019-06-13 13:45:16,603,
2019-06-13 13:45:17,599,
2019-06-13 13:45:17,554,
2019-06-13 13:45:18,492,492.0
2019-06-13 13:45:18,499,499.0
2019-06-13 13:45:19,523,523.0
2019-06-13 13:45:19,547,
2019-06-13 13:45:20,539,
2019-06-13 13:45:20,527,527.0
2019-06-13 13:45:21,484,484.0
2019-06-13 13:45:21,467,467.0
2019-06-13 13:45:22,499,499.0
2019-06-13 13:45:22,494,494.0
2019-06-13 13:45:23,489,489.0
2019-06-13 13:45:23,478,478.0
2019-06-13 13:45:24,452,452.0
2019-06-13 13:45:24,439,439.0
2019-06-13 13:45:24,424,424.0
2019-06-13 13:45:25,415,415.0
2019-06-13 13:45:25,417,417.0
2019-06-13 13:45:26,416,416.0
2019-06-13 13:45:26,430,430.0
2019-06-13 13:45:27,448,448.0
2019-06-13 13:45:27,476,476.0
2019-06-13 13:45:28,497,
2019-06-13 13:45:28,464,464.0
2019-06-13 13:45:28,446,446.0
2019-06-13 13:45:29,429,429.0
2019-06-13 13:45:29,407,407.0
2019-06-13 13:45:30,389,389.0
2019-06-13 13:45:30,377,377.0
2019-06-13 13:45:30,367,367.0
2019-06-13 13:45:31,355,355.0
2019-06-13 13:45:31,348,348.0
2019-06-13 13:45:31,342,342.0
2019-06-13 13:45:32,332,332.0
2019-06-13 13:45:32,325,325.0
2019-06-13 13:45:32,319,319.0
2019-06-13 13:45:33,323,323.0
2019-06-13 13:45:33,339,339.0
2019-06-13 13:45:33,342,342.0
2019-06-13 13:45:34,336,336.0
2019-06-13 13:45:34,331,331.0
2019-06-13 13:45:34,321,321.0
2019-06-13 13:45:34,321,321.0
2019-06-13 13:45:35,312,
2019-06-13 13:45:35,301,
2019-06-13 13:45:35,292,
2019-06-13 13:45:37,290,
2019-06-13 13:45:37,283,
2019-06-13 13:45:37,281,
2019-06-13 13:45:38,303,
2019-06-13 13:45:38,342,342.0
2019-06-13 13:45:38,344,344.0
2019-06-13 13:45:38,343,343.0
2019-06-13 13:45:38,338,338.0
2019-06-13 13:45:38,335,335.0
2019-06-13 13:45:39,382,
2019-06-13 13:45:39,419,
2019-06-13 13:45:40,450,
2019-06-13 13:45:40,432,
2019-06-13 13:45:41,415,
2019-06-13 13:45:41,399,
2019-06-13 13:45:41,392,
2019-06-13 13:45:42,381,
2019-06-13 13:45:42,359,359.0
2019-06-13 13:45:42,339,339.0
2019-06-13 13:45:43,326,326.0
2019-06-13 13:45:43,315,315.0
2019-06-13 13:45:43,308,308.0
2019-06-13 13:45:43,303,303.0
2019-06-13 13:45:44,310,310.0
2019-06-13 13:45:44,309,309.0
2019-06-13 13:45:44,310,310.0
2019-06-13 13:45:45,309,309.0
2019-06-13 13:45:45,335,335.0
2019-06-13 13:45:45,325,325.0
2019-06-13 13:45:46,318,318.0
2019-06-13 13:45:46,314,314.0
2019-06-13 13:45:46,314,314.0
2019-06-13 13:45:47,304,304.0
2019-06-13 13:45:47,302,302.0
2019-06-13 13:45:47,296,296.0
2019-06-13 13:45:47,293,293.0
2019-06-13 13:45:48,290,290.0
2019-06-13 13:45:48,285,
2019-06-13 13:45:48,280,
2019-06-13 13:45:49,277,
2019-06-13 13:45:49,274,
2019-06-13 13:45:49,269,
2019-06-13 13:45:49,270,
2019-06-13 13:45:50,278,
2019-06-13 13:45:50,278,
2019-06-13 13:45:50,276,
2019-06-13 13:45:51,278,
2019-06-13 13:45:51,290,290.0
2019-06-13 13:45:51,303,303.0
2019-06-13 13:45:51,294,294.0
2019-06-13 13:45:52,303,303.0
2019-06-13 13:45:52,310,310.0
2019-06-13 13:45:52,321,321.0
2019-06-13 13:45:53,332,332.0
2019-06-13 13:45:53,320,320.0
2019-06-13 13:45:53,310,310.0
2019-06-13 13:45:54,307,307.0
2019-06-13 13:45:54,304,304.0
2019-06-13 13:45:54,297,297.0
2019-06-13 13:45:56,293,293.0
2019-06-13 13:45:56,295,295.0
2019-06-13 13:45:56,297,297.0
2019-06-13 13:45:56,296,296.0
2019-06-13 13:45:58,303,303.0
2019-06-13 13:45:58,304,304.0
2019-06-13 13:45:58,318,318.0
2019-06-13 13:45:58,434,
2019-06-13 13:45:58,415,
2019-06-13 13:45:58,405,
2019-06-13 13:45:58,387,
2019-06-13 13:45:58,375,
2019-06-13 13:45:59,354,
2019-06-13 13:45:59,332,332.0
2019-06-13 13:45:59,317,317.0
2019-06-13 13:46:00,306,306.0
2019-06-13 13:46:00,293,293.0
2019-06-13 13:46:00,291,291.0
2019-06-13 13:46:01,282,
2019-06-13 13:46:01,282,
2019-06-13 13:46:01,275,
2019-06-13 13:46:01,281,
2019-06-13 13:46:02,277,
2019-06-13 13:46:02,283,
2019-06-13 13:46:02,284,
2019-06-13 13:46:04,290,290.0
2019-06-13 13:46:04,296,296.0
2019-06-13 13:46:04,299,299.0
2019-06-13 13:46:04,300,300.0
2019-06-13 13:46:05,307,307.0
2019-06-13 13:46:05,310,310.0
2019-06-13 13:46:05,311,311.0
2019-06-13 13:46:05,298,298.0
2019-06-13 13:46:05,299,299.0
2019-06-13 13:46:05,301,301.0
2019-06-13 13:46:06,310,310.0
2019-06-13 13:46:06,314,314.0
2019-06-13 13:46:06,306,306.0
2019-06-13 13:46:07,303,303.0
2019-06-13 13:46:07,301,301.0
2019-06-13 13:46:07,306,306.0
2019-06-13 13:46:07,305,305.0
2019-06-13 13:46:08,315,315.0
2019-06-13 13:46:08,318,318.0
2019-06-13 13:46:08,317,317.0
2019-06-13 13:46:09,324,324.0
2019-06-13 13:46:09,331,331.0
2019-06-13 13:46:09,347,347.0
2019-06-13 13:46:11,340,340.0
2019-06-13 13:46:11,333,333.0
2019-06-13 13:46:11,341,341.0
2019-06-13 13:46:11,360,360.0
2019-06-13 13:46:11,354,354.0
2019-06-13 13:46:12,355,355.0
2019-06-13 13:46:12,377,377.0
2019-06-13 13:46:12,412,
2019-06-13 13:46:13,396,396.0
2019-06-13 13:46:13,392,392.0
2019-06-13 13:46:14,380,380.0
2019-06-13 13:46:14,369,369.0
2019-06-13 13:46:14,346,346.0
2019-06-13 13:46:14,324,324.0
2019-06-13 13:46:15,304,
2019-06-13 13:46:15,298,
2019-06-13 13:46:15,300,
2019-06-13 13:46:16,299,
2019-06-13 13:46:16,306,
2019-06-13 13:46:16,320,
2019-06-13 13:46:17,355,355.0
2019-06-13 13:46:17,383,383.0
2019-06-13 13:46:18,444,
2019-06-13 13:46:18,454,
2019-06-13 13:46:19,540,
2019-06-13 13:46:19,539,
2019-06-13 13:46:21,445,
2019-06-13 13:46:21,417,417.0
2019-06-13 13:46:21,400,400.0
2019-06-13 13:46:22,417,417.0
2019-06-13 13:46:22,421,421.0
2019-06-13 13:46:22,436,
2019-06-13 13:46:22,436,436.0
2019-06-13 13:46:23,407,407.0
2019-06-13 13:46:23,394,394.0
2019-06-13 13:46:23,382,382.0
2019-06-13 13:46:24,365,365.0
2019-06-13 13:46:24,339,
2019-06-13 13:46:24,321,
2019-06-13 13:46:25,316,
2019-06-13 13:46:25,310,
2019-06-13 13:46:25,314,
2019-06-13 13:46:26,352,
2019-06-13 13:46:26,385,385.0
2019-06-13 13:46:26,389,389.0
2019-06-13 13:46:27,401,401.0
2019-06-13 13:46:27,419,419.0
2019-06-13 13:46:28,467,
2019-06-13 13:46:28,443,443.0
2019-06-13 13:46:29,432,432.0
2019-06-13 13:46:29,451,451.0
2019-06-13 13:46:31,442,442.0
2019-06-13 13:46:31,424,424.0
2019-06-13 13:46:31,435,435.0
2019-06-13 13:46:31,451,451.0
2019-06-13 13:46:31,433,433.0
2019-06-13 13:46:32,439,439.0
2019-06-13 13:46:32,496,
2019-06-13 13:46:33,510,
2019-06-13 13:46:33,518,
2019-06-13 13:46:34,527,
2019-06-13 13:46:34,485,
2019-06-13 13:46:35,480,
2019-06-13 13:46:35,456,456.0
2019-06-13 13:46:36,437,437.0
2019-06-13 13:46:36,415,415.0
2019-06-13 13:46:36,394,394.0
2019-06-13 13:46:37,383,383.0
2019-06-13 13:46:37,367,367.0
2019-06-13 13:46:37,347,
2019-06-13 13:46:38,344,
2019-06-13 13:46:38,332,
2019-06-13 13:46:38,321,
2019-06-13 13:46:39,316,
2019-06-13 13:46:39,309,
2019-06-13 13:46:39,303,
2019-06-13 13:46:40,303,
2019-06-13 13:46:40,302,
2019-06-13 13:46:40,324,
2019-06-13 13:46:41,406,406.0
2019-06-13 13:46:41,428,428.0
2019-06-13 13:46:42,439,439.0
2019-06-13 13:46:42,512,
2019-06-13 13:46:43,467,467.0
2019-06-13 13:46:43,441,441.0
2019-06-13 13:46:44,482,482.0
2019-06-13 13:46:44,489,489.0
2019-06-13 13:46:45,522,522.0
2019-06-13 13:46:45,541,541.0
2019-06-13 13:46:46,521,521.0
2019-06-13 13:46:46,520,520.0
2019-06-13 13:46:47,484,484.0
2019-06-13 13:46:47,494,494.0
2019-06-13 13:46:48,540,540.0
2019-06-13 13:46:48,601,601.0
2019-06-13 13:46:49,509,509.0
2019-06-13 13:46:49,484,484.0
2019-06-13 13:46:50,435,
2019-06-13 13:46:50,414,
2019-06-13 13:46:51,402,
2019-06-13 13:46:52,505,505.0
2019-06-13 13:46:52,684,684.0
2019-06-13 13:46:53,867,
2019-06-13 13:46:54,740,
2019-06-13 13:46:55,798,
2019-06-13 13:46:55,706,706.0
2019-06-13 13:46:56,643,643.0
2019-06-13 13:46:57,820,
2019-06-13 13:46:57,666,666.0
2019-06-13 13:46:58,743,
2019-06-13 13:46:59,609,609.0
2019-06-13 13:47:00,797,
2019-06-13 13:47:00,590,590.0
2019-06-13 13:47:01,746,746.0
2019-06-13 13:47:02,686,686.0
2019-06-13 13:47:02,603,603.0
2019-06-13 13:47:03,875,
2019-06-13 13:47:04,569,569.0
2019-06-13 13:47:04,597,597.0
2019-06-13 13:47:05,573,573.0
2019-06-13 13:47:06,645,645.0
2019-06-13 13:47:06,575,575.0
2019-06-13 13:47:07,843,
2019-06-13 13:47:07,636,636.0
2019-06-13 13:47:08,542,542.0
2019-06-13 13:47:08,529,529.0
2019-06-13 13:47:10,541,541.0
2019-06-13 13:47:10,619,619.0
2019-06-13 13:47:11,1029,
2019-06-13 13:47:12,630,630.0
2019-06-13 13:47:12,891,
2019-06-13 13:47:13,655,655.0
2019-06-13 13:47:14,699,699.0
2019-06-13 13:47:14,703,703.0
2019-06-13 13:47:15,726,726.0
2019-06-13 13:47:15,547,547.0
2019-06-13 13:47:16,482,482.0
2019-06-13 13:47:16,452,
2019-06-13 13:47:17,433,
2019-06-13 13:47:17,416,
2019-06-13 13:47:17,410,
2019-06-13 13:47:18,449,
2019-06-13 13:47:19,470,470.0
2019-06-13 13:47:19,545,545.0
2019-06-13 13:47:20,543,543.0
2019-06-13 13:47:21,574,574.0
2019-06-13 13:47:22,526,526.0
2019-06-13 13:47:22,1523,
2019-06-13 13:47:23,518,518.0
2019-06-13 13:47:23,487,487.0
2019-06-13 13:47:24,583,583.0
2019-06-13 13:47:25,612,612.0
2019-06-13 13:47:25,620,620.0
2019-06-13 13:47:26,589,589.0
2019-06-13 13:47:26,522,522.0
2019-06-13 13:47:27,564,564.0
2019-06-13 13:47:28,649,649.0
2019-06-13 13:47:28,622,622.0
2019-06-13 13:47:30,579,579.0
2019-06-13 13:47:30,564,564.0
2019-06-13 13:47:31,623,623.0
2019-06-13 13:47:31,594,594.0
2019-06-13 13:47:31,694,694.0
2019-06-13 13:47:32,551,551.0
2019-06-13 13:47:32,590,590.0
2019-06-13 13:47:33,543,543.0
2019-06-13 13:47:34,643,643.0
2019-06-13 13:47:34,570,570.0
2019-06-13 13:47:35,672,
2019-06-13 13:47:35,551,551.0
2019-06-13 13:47:36,608,608.0
2019-06-13 13:47:36,652,
2019-06-13 13:47:37,519,519.0
2019-06-13 13:47:38,551,551.0
2019-06-13 13:47:38,708,
2019-06-13 13:47:39,623,623.0
2019-06-13 13:47:40,587,587.0
2019-06-13 13:47:40,571,571.0
2019-06-13 13:47:41,587,587.0
2019-06-13 13:47:42,900,
2019-06-13 13:47:42,580,580.0
2019-06-13 13:47:43,642,
2019-06-13 13:47:43,579,579.0
2019-06-13 13:47:44,488,488.0
2019-06-13 13:47:44,454,454.0
2019-06-13 13:47:44,430,430.0
2019-06-13 13:47:45,409,
2019-06-13 13:47:45,389,
2019-06-13 13:47:46,375,
2019-06-13 13:47:46,362,
2019-06-13 13:47:46,361,
2019-06-13 13:47:47,351,
2019-06-13 13:47:47,377,377.0
2019-06-13 13:47:48,402,402.0
2019-06-13 13:47:48,408,408.0
2019-06-13 13:47:49,482,482.0
2019-06-13 13:47:49,654,
2019-06-13 13:47:50,598,
2019-06-13 13:47:50,515,515.0
2019-06-13 13:47:51,482,482.0
2019-06-13 13:47:51,447,447.0
2019-06-13 13:47:52,420,420.0
2019-06-13 13:47:52,403,403.0
2019-06-13 13:47:53,738,
2019-06-13 13:47:53,355,355.0
2019-06-13 13:47:53,339,339.0
2019-06-13 13:47:53,322,322.0
2019-06-13 13:47:54,308,308.0
2019-06-13 13:47:54,301,301.0
2019-06-13 13:47:54,293,293.0
2019-06-13 13:47:55,289,289.0
2019-06-13 13:47:55,284,284.0
2019-06-13 13:47:55,278,
2019-06-13 13:47:55,273,
2019-06-13 13:47:56,277,
2019-06-13 13:47:56,286,286.0
2019-06-13 13:47:56,297,297.0
2019-06-13 13:47:57,292,292.0
2019-06-13 13:47:57,303,303.0
2019-06-13 13:47:57,299,299.0
2019-06-13 13:47:57,301,301.0
2019-06-13 13:47:58,299,299.0
2019-06-13 13:47:58,297,297.0
2019-06-13 13:47:58,305,305.0
2019-06-13 13:47:59,299,299.0
2019-06-13 13:47:59,306,306.0
2019-06-13 13:47:59,311,311.0
2019-06-13 13:48:00,357,357.0
2019-06-13 13:48:00,368,368.0
2019-06-13 13:48:01,370,370.0
2019-06-13 13:48:01,356,356.0
2019-06-13 13:48:01,339,339.0
2019-06-13 13:48:02,318,318.0
2019-06-13 13:48:02,324,324.0
2019-06-13 13:48:02,322,322.0
2019-06-13 13:48:03,327,327.0
2019-06-13 13:48:03,345,345.0
2019-06-13 13:48:03,367,367.0
2019-06-13 13:48:04,412,412.0
2019-06-13 13:48:04,382,382.0
2019-06-13 13:48:05,387,387.0
2019-06-13 13:48:05,387,387.0
2019-06-13 13:48:05,400,400.0
2019-06-13 13:48:06,411,411.0
2019-06-13 13:48:06,411,411.0
2019-06-13 13:48:07,436,436.0
2019-06-13 13:48:07,458,458.0
2019-06-13 13:48:08,504,
2019-06-13 13:48:08,512,
2019-06-13 13:48:09,527,
2019-06-13 13:48:09,579,
2019-06-13 13:48:10,482,482.0
2019-06-13 13:48:10,450,450.0
2019-06-13 13:48:12,429,429.0
2019-06-13 13:48:12,419,419.0
2019-06-13 13:48:12,433,433.0
2019-06-13 13:48:12,468,468.0
2019-06-13 13:48:12,508,508.0
2019-06-13 13:48:13,460,460.0
2019-06-13 13:48:13,446,446.0
2019-06-13 13:48:14,437,437.0
2019-06-13 13:48:14,437,437.0
2019-06-13 13:48:15,435,435.0
2019-06-13 13:48:15,459,459.0
2019-06-13 13:48:16,467,467.0
2019-06-13 13:48:16,531,
2019-06-13 13:48:17,574,
2019-06-13 13:48:18,625,
2019-06-13 13:48:18,623,
2019-06-13 13:48:19,664,
2019-06-13 13:48:19,538,
2019-06-13 13:48:20,502,502.0
2019-06-13 13:48:20,464,464.0
2019-06-13 13:48:20,435,435.0
2019-06-13 13:48:21,415,415.0
2019-06-13 13:48:21,411,411.0
2019-06-13 13:48:22,413,413.0
2019-06-13 13:48:22,422,422.0
2019-06-13 13:48:23,420,420.0
2019-06-13 13:48:23,425,425.0
2019-06-13 13:48:23,421,421.0
2019-06-13 13:48:24,407,407.0
2019-06-13 13:48:24,403,403.0
2019-06-13 13:48:25,405,405.0
2019-06-13 13:48:25,401,401.0
2019-06-13 13:48:25,395,395.0
2019-06-13 13:48:26,377,377.0
2019-06-13 13:48:26,367,367.0
2019-06-13 13:48:26,377,377.0
2019-06-13 13:48:27,381,381.0
2019-06-13 13:48:27,380,380.0
2019-06-13 13:48:28,384,384.0
2019-06-13 13:48:28,387,387.0
2019-06-13 13:48:28,391,391.0
2019-06-13 13:48:29,388,388.0
2019-06-13 13:48:29,388,388.0
2019-06-13 13:48:30,389,389.0
2019-06-13 13:48:30,378,378.0
2019-06-13 13:48:30,367,367.0
2019-06-13 13:48:31,357,357.0
2019-06-13 13:48:31,346,346.0
2019-06-13 13:48:31,342,342.0
2019-06-13 13:48:32,331,
2019-06-13 13:48:32,329,
2019-06-13 13:48:32,323,
2019-06-13 13:48:33,322,
2019-06-13 13:48:33,330,
2019-06-13 13:48:33,330,
2019-06-13 13:48:34,323,
2019-06-13 13:48:34,321,
2019-06-13 13:48:34,321,
2019-06-13 13:48:34,319,
2019-06-13 13:48:35,317,
2019-06-13 13:48:35,319,
2019-06-13 13:48:35,324,
2019-06-13 13:48:36,331,
2019-06-13 13:48:36,363,363.0
2019-06-13 13:48:37,394,394.0
2019-06-13 13:48:37,437,437.0
2019-06-13 13:48:38,423,423.0
2019-06-13 13:48:38,458,458.0
2019-06-13 13:48:39,498,
2019-06-13 13:48:39,502,
2019-06-13 13:48:40,470,470.0
2019-06-13 13:48:40,511,511.0
2019-06-13 13:48:41,452,452.0
2019-06-13 13:48:41,436,436.0
2019-06-13 13:48:41,427,427.0
2019-06-13 13:48:42,419,419.0
2019-06-13 13:48:42,456,456.0
2019-06-13 13:48:43,437,437.0
2019-06-13 13:48:43,420,420.0
2019-06-13 13:48:43,416,416.0
2019-06-13 13:48:44,416,416.0
2019-06-13 13:48:44,415,415.0
2019-06-13 13:48:45,429,429.0
2019-06-13 13:48:46,537,537.0
2019-06-13 13:48:46,511,511.0
2019-06-13 13:48:47,540,540.0
2019-06-13 13:48:47,493,493.0
2019-06-13 13:48:48,761,
2019-06-13 13:48:49,685,
2019-06-13 13:48:49,581,
2019-06-13 13:48:50,625,
2019-06-13 13:48:50,620,
2019-06-13 13:48:51,519,519.0
2019-06-13 13:48:51,470,470.0
2019-06-13 13:48:52,454,454.0
2019-06-13 13:48:52,433,433.0
2019-06-13 13:48:52,437,437.0
2019-06-13 13:48:53,439,439.0
2019-06-13 13:48:53,424,
2019-06-13 13:48:54,414,
2019-06-13 13:48:54,409,
2019-06-13 13:48:55,412,
2019-06-13 13:48:55,436,
2019-06-13 13:48:56,456,456.0
2019-06-13 13:48:56,478,478.0
2019-06-13 13:48:57,533,533.0
2019-06-13 13:48:57,586,586.0
2019-06-13 13:48:58,626,626.0
2019-06-13 13:48:59,664,
2019-06-13 13:48:59,539,539.0
2019-06-13 13:49:00,721,
2019-06-13 13:49:00,491,491.0
2019-06-13 13:49:01,453,453.0
2019-06-13 13:49:01,433,
2019-06-13 13:49:02,433,
2019-06-13 13:49:02,474,474.0
2019-06-13 13:49:03,594,594.0
2019-06-13 13:49:03,561,561.0
2019-06-13 13:49:04,588,588.0
2019-06-13 13:49:05,633,633.0
2019-06-13 13:49:06,519,519.0
2019-06-13 13:49:07,909,
2019-06-13 13:49:07,966,
2019-06-13 13:49:08,723,
2019-06-13 13:49:08,708,708.0
2019-06-13 13:49:09,626,626.0
2019-06-13 13:49:09,559,559.0
2019-06-13 13:49:10,532,532.0
2019-06-13 13:49:11,522,522.0
2019-06-13 13:49:11,533,533.0
2019-06-13 13:49:12,553,553.0
2019-06-13 13:49:12,596,596.0
2019-06-13 13:49:13,600,600.0
2019-06-13 13:49:14,600,600.0
2019-06-13 13:49:14,629,629.0
2019-06-13 13:49:15,528,528.0
2019-06-13 13:49:16,858,
2019-06-13 13:49:16,521,521.0
2019-06-13 13:49:17,898,
2019-06-13 13:49:18,515,515.0
2019-06-13 13:49:18,885,
2019-06-13 13:49:19,763,
2019-06-13 13:49:19,540,540.0
2019-06-13 13:49:20,540,540.0
2019-06-13 13:49:20,309,
2019-06-13 13:49:21,509,509.0
2019-06-13 13:49:21,439,
2019-06-13 13:49:23,471,
2019-06-13 13:49:23,500,500.0
2019-06-13 13:49:23,482,
2019-06-13 13:49:23,487,
2019-06-13 13:49:24,490,
2019-06-13 13:49:24,499,
2019-06-13 13:49:25,549,549.0
2019-06-13 13:49:26,652,652.0
2019-06-13 13:49:26,689,689.0
2019-06-13 13:49:27,646,646.0
2019-06-13 13:49:28,483,
2019-06-13 13:49:29,914,
2019-06-13 13:49:29,484,
2019-06-13 13:49:30,931,
2019-06-13 13:49:30,474,
2019-06-13 13:49:31,924,
2019-06-13 13:49:32,496,
2019-06-13 13:49:33,862,
2019-06-13 13:49:35,857,
2019-06-13 13:49:35,887,
2019-06-13 13:49:36,808,808.0
2019-06-13 13:49:36,621,621.0
2019-06-13 13:49:37,884,
2019-06-13 13:49:38,663,663.0
2019-06-13 13:49:39,871,
2019-06-13 13:49:40,868,
2019-06-13 13:49:40,733,733.0
2019-06-13 13:49:41,983,
2019-06-13 13:49:42,644,644.0
2019-06-13 13:49:42,970,
2019-06-13 13:49:43,658,658.0
2019-06-13 13:49:44,666,666.0
2019-06-13 13:49:45,785,785.0
2019-06-13 13:49:45,902,
2019-06-13 13:49:46,635,635.0
2019-06-13 13:49:47,712,712.0
2019-06-13 13:49:47,569,569.0
2019-06-13 13:49:48,665,665.0
2019-06-13 13:49:49,674,674.0
2019-06-13 13:49:49,607,607.0
2019-06-13 13:49:50,557,557.0
2019-06-13 13:49:50,577,577.0
2019-06-13 13:49:51,607,607.0
2019-06-13 13:49:52,659,659.0
2019-06-13 13:49:52,613,613.0
2019-06-13 13:49:53,600,600.0
2019-06-13 13:49:54,662,662.0
2019-06-13 13:49:54,720,
2019-06-13 13:49:54,552,552.0
2019-06-13 13:49:55,488,488.0
2019-06-13 13:49:55,448,448.0
2019-06-13 13:49:56,425,425.0
2019-06-13 13:49:56,407,407.0
2019-06-13 13:49:56,409,409.0
2019-06-13 13:49:57,398,398.0
2019-06-13 13:49:57,388,388.0
2019-06-13 13:49:58,382,382.0
2019-06-13 13:49:58,362,362.0
2019-06-13 13:49:58,353,353.0
2019-06-13 13:49:59,336,336.0
2019-06-13 13:49:59,329,329.0
2019-06-13 13:49:59,318,318.0
2019-06-13 13:49:59,308,308.0
2019-06-13 13:50:00,304,304.0
2019-06-13 13:50:00,297,297.0
2019-06-13 13:50:00,291,291.0
2019-06-13 13:50:01,289,289.0
2019-06-13 13:50:01,286,286.0
2019-06-13 13:50:01,283,283.0
2019-06-13 13:50:01,277,277.0
2019-06-13 13:50:02,278,278.0
2019-06-13 13:50:02,278,278.0
2019-06-13 13:50:02,275,275.0
2019-06-13 13:50:03,272,272.0
2019-06-13 13:50:03,269,269.0
2019-06-13 13:50:03,268,268.0
2019-06-13 13:50:03,270,270.0
2019-06-13 13:50:04,268,
2019-06-13 13:50:04,265,
2019-06-13 13:50:04,265,
2019-06-13 13:50:04,264,
2019-06-13 13:50:05,262,
2019-06-13 13:50:05,260,
2019-06-13 13:50:05,261,
2019-06-13 13:50:05,262,
2019-06-13 13:50:06,265,
2019-06-13 13:50:06,266,
2019-06-13 13:50:06,278,278.0
2019-06-13 13:50:07,286,286.0
2019-06-13 13:50:07,291,291.0
2019-06-13 13:50:07,294,294.0
2019-06-13 13:50:08,299,299.0
2019-06-13 13:50:08,315,315.0
2019-06-13 13:50:08,309,309.0
2019-06-13 13:50:08,298,298.0
2019-06-13 13:50:09,300,300.0
2019-06-13 13:50:09,291,291.0
2019-06-13 13:50:09,287,287.0
2019-06-13 13:50:10,286,286.0
2019-06-13 13:50:10,284,284.0
2019-06-13 13:50:10,286,286.0
2019-06-13 13:50:10,285,285.0
2019-06-13 13:50:11,282,282.0
2019-06-13 13:50:11,275,
2019-06-13 13:50:11,275,
2019-06-13 13:50:12,281,
2019-06-13 13:50:12,285,
2019-06-13 13:50:13,370,370.0
2019-06-13 13:50:13,388,388.0
2019-06-13 13:50:15,439,439.0
2019-06-13 13:50:15,553,553.0
2019-06-13 13:50:16,539,539.0
2019-06-13 13:50:16,511,511.0
2019-06-13 13:50:17,540,540.0
2019-06-13 13:50:17,551,551.0
2019-06-13 13:50:17,562,562.0
2019-06-13 13:50:18,568,568.0
2019-06-13 13:50:18,599,599.0
2019-06-13 13:50:20,603,603.0
2019-06-13 13:50:20,574,574.0
2019-06-13 13:50:21,565,565.0
2019-06-13 13:50:21,660,660.0
2019-06-13 13:50:23,783,
2019-06-13 13:50:23,667,667.0
2019-06-13 13:50:24,903,
2019-06-13 13:50:25,486,
2019-06-13 13:50:25,967,
2019-06-13 13:50:25,753,753.0
2019-06-13 13:50:26,630,630.0
2019-06-13 13:50:27,869,
2019-06-13 13:50:27,878,
2019-06-13 13:50:28,680,680.0
2019-06-13 13:50:29,562,
2019-06-13 13:50:29,538,
2019-06-13 13:50:30,603,603.0
2019-06-13 13:50:31,587,
2019-06-13 13:50:32,936,
2019-06-13 13:50:33,674,674.0
2019-06-13 13:50:34,922,
2019-06-13 13:50:34,771,771.0
2019-06-13 13:50:35,1066,
2019-06-13 13:50:36,619,619.0
2019-06-13 13:50:37,875,875.0
2019-06-13 13:50:37,599,599.0
2019-06-13 13:50:38,1010,
2019-06-13 13:50:40,673,673.0
2019-06-13 13:50:40,613,613.0
2019-06-13 13:50:41,1093,
2019-06-13 13:50:41,612,612.0
2019-06-13 13:50:42,780,780.0
2019-06-13 13:50:43,806,806.0
2019-06-13 13:50:44,604,604.0
2019-06-13 13:50:44,1174,
2019-06-13 13:50:45,625,625.0
2019-06-13 13:50:46,659,659.0
2019-06-13 13:50:46,936,
2019-06-13 13:50:47,579,
2019-06-13 13:50:47,497,
2019-06-13 13:50:48,488,
2019-06-13 13:50:49,512,
2019-06-13 13:50:50,510,
2019-06-13 13:50:50,1089,
2019-06-13 13:50:51,665,665.0
2019-06-13 13:50:52,743,743.0
2019-06-13 13:50:53,1060,
2019-06-13 13:50:54,658,658.0
2019-06-13 13:50:55,831,831.0
2019-06-13 13:50:55,992,
2019-06-13 13:50:56,650,650.0
2019-06-13 13:50:57,666,666.0
2019-06-13 13:50:58,1126,
2019-06-13 13:51:00,605,605.0
2019-06-13 13:51:00,624,624.0
2019-06-13 13:51:00,1047,
2019-06-13 13:51:01,589,589.0
2019-06-13 13:51:01,553,553.0
2019-06-13 13:51:02,1013,
2019-06-13 13:51:03,596,596.0
2019-06-13 13:51:04,644,644.0
2019-06-13 13:51:04,1065,
2019-06-13 13:51:05,582,582.0
2019-06-13 13:51:05,530,530.0
2019-06-13 13:51:06,521,521.0
2019-06-13 13:51:06,485,485.0
2019-06-13 13:51:07,466,466.0
2019-06-13 13:51:07,471,471.0
2019-06-13 13:51:07,456,456.0
2019-06-13 13:51:08,441,441.0
2019-06-13 13:51:08,436,436.0
2019-06-13 13:51:09,425,425.0
2019-06-13 13:51:09,407,407.0
2019-06-13 13:51:09,385,385.0
2019-06-13 13:51:10,374,374.0
2019-06-13 13:51:10,359,359.0
2019-06-13 13:51:10,347,347.0
2019-06-13 13:51:11,339,339.0
2019-06-13 13:51:11,330,330.0
2019-06-13 13:51:11,324,324.0
2019-06-13 13:51:12,323,323.0
2019-06-13 13:51:12,318,318.0
2019-06-13 13:51:12,314,314.0
2019-06-13 13:51:13,322,322.0
2019-06-13 13:51:13,313,313.0
2019-06-13 13:51:13,319,319.0
2019-06-13 13:51:14,312,312.0
2019-06-13 13:51:14,330,330.0
2019-06-13 13:51:14,321,321.0
2019-06-13 13:51:15,321,321.0
2019-06-13 13:51:15,317,317.0
2019-06-13 13:51:15,326,326.0
2019-06-13 13:51:16,315,315.0
2019-06-13 13:51:16,312,312.0
2019-06-13 13:51:16,309,309.0
2019-06-13 13:51:16,308,308.0
2019-06-13 13:51:17,302,302.0
2019-06-13 13:51:17,300,300.0
2019-06-13 13:51:17,300,300.0
2019-06-13 13:51:18,297,297.0
2019-06-13 13:51:18,299,299.0
2019-06-13 13:51:18,297,297.0
2019-06-13 13:51:19,296,296.0
2019-06-13 13:51:19,295,
2019-06-13 13:51:19,296,296.0
2019-06-13 13:51:19,294,
2019-06-13 13:51:20,293,
2019-06-13 13:51:20,292,
2019-06-13 13:51:20,295,
2019-06-13 13:51:21,292,
2019-06-13 13:51:21,292,292.0
2019-06-13 13:51:21,299,299.0
2019-06-13 13:51:22,296,296.0
2019-06-13 13:51:22,297,297.0
2019-06-13 13:51:22,296,296.0
2019-06-13 13:51:22,295,295.0
2019-06-13 13:51:23,294,294.0
2019-06-13 13:51:23,294,294.0
2019-06-13 13:51:23,298,298.0
2019-06-13 13:51:24,302,302.0
2019-06-13 13:51:24,300,300.0
2019-06-13 13:51:24,310,310.0
2019-06-13 13:51:25,316,316.0
2019-06-13 13:51:25,313,313.0
2019-06-13 13:51:25,304,304.0
2019-06-13 13:51:25,303,303.0
2019-06-13 13:51:26,308,308.0
2019-06-13 13:51:26,331,331.0
2019-06-13 13:51:27,376,376.0
2019-06-13 13:51:27,382,382.0
2019-06-13 13:51:27,385,385.0
2019-06-13 13:51:28,390,390.0
2019-06-13 13:51:28,390,390.0
2019-06-13 13:51:29,374,374.0
2019-06-13 13:51:29,379,379.0
2019-06-13 13:51:29,373,373.0
2019-06-13 13:51:30,369,369.0
2019-06-13 13:51:30,396,396.0
2019-06-13 13:51:31,404,404.0
2019-06-13 13:51:31,444,444.0
2019-06-13 13:51:32,492,492.0
2019-06-13 13:51:32,578,
2019-06-13 13:51:33,649,
2019-06-13 13:51:34,570,
2019-06-13 13:51:34,586,
2019-06-13 13:51:35,612,
2019-06-13 13:51:35,620,
2019-06-13 13:51:36,574,
2019-06-13 13:51:37,641,
2019-06-13 13:51:37,537,537.0
2019-06-13 13:51:38,570,
2019-06-13 13:51:38,544,544.0
2019-06-13 13:51:39,504,504.0
2019-06-13 13:51:39,468,468.0
2019-06-13 13:51:40,458,458.0
2019-06-13 13:51:40,501,501.0
2019-06-13 13:51:41,517,517.0
2019-06-13 13:51:41,547,547.0
2019-06-13 13:51:42,569,
2019-06-13 13:51:42,528,528.0
2019-06-13 13:51:43,487,487.0
2019-06-13 13:51:43,460,460.0
2019-06-13 13:51:44,449,449.0
2019-06-13 13:51:44,434,434.0
2019-06-13 13:51:44,437,437.0
2019-06-13 13:51:45,465,465.0
2019-06-13 13:51:45,458,458.0
2019-06-13 13:51:46,479,479.0
2019-06-13 13:51:46,500,500.0
2019-06-13 13:51:47,465,465.0
2019-06-13 13:51:47,450,450.0
2019-06-13 13:51:48,425,425.0
2019-06-13 13:51:48,403,403.0
2019-06-13 13:51:48,382,382.0
2019-06-13 13:51:49,358,358.0
2019-06-13 13:51:49,346,346.0
2019-06-13 13:51:49,334,
2019-06-13 13:51:50,333,
2019-06-13 13:51:50,333,
2019-06-13 13:51:50,342,342.0
2019-06-13 13:51:51,343,343.0
2019-06-13 13:51:51,358,358.0
2019-06-13 13:51:51,355,355.0
2019-06-13 13:51:52,360,360.0
2019-06-13 13:51:52,368,368.0
2019-06-13 13:51:52,359,359.0
2019-06-13 13:51:53,346,346.0
2019-06-13 13:51:53,343,343.0
2019-06-13 13:51:53,333,333.0
2019-06-13 13:51:54,335,335.0
2019-06-13 13:51:54,329,329.0
2019-06-13 13:51:54,328,328.0
2019-06-13 13:51:55,320,
2019-06-13 13:51:55,322,322.0
2019-06-13 13:51:55,322,322.0
2019-06-13 13:51:56,316,
2019-06-13 13:51:56,313,
2019-06-13 13:51:56,315,
2019-06-13 13:51:57,313,
2019-06-13 13:51:57,307,
2019-06-13 13:51:57,314,
2019-06-13 13:51:58,313,
2019-06-13 13:51:58,314,
2019-06-13 13:51:58,316,
2019-06-13 13:51:59,328,328.0
2019-06-13 13:51:59,331,331.0
2019-06-13 13:51:59,320,
2019-06-13 13:52:00,332,332.0
2019-06-13 13:52:00,347,347.0
2019-06-13 13:52:00,358,358.0
2019-06-13 13:52:01,351,351.0
2019-06-13 13:52:01,341,341.0
2019-06-13 13:52:01,344,344.0
2019-06-13 13:52:02,352,352.0
2019-06-13 13:52:02,344,344.0
2019-06-13 13:52:02,359,359.0
2019-06-13 13:52:03,372,372.0
2019-06-13 13:52:03,386,386.0
2019-06-13 13:52:04,386,386.0
2019-06-13 13:52:04,406,
2019-06-13 13:52:04,400,400.0
2019-06-13 13:52:05,411,
2019-06-13 13:52:05,423,
2019-06-13 13:52:06,413,
2019-06-13 13:52:06,422,
2019-06-13 13:52:06,409,409.0
2019-06-13 13:52:07,406,406.0
2019-06-13 13:52:07,400,400.0
2019-06-13 13:52:08,397,397.0
2019-06-13 13:52:08,387,387.0
2019-06-13 13:52:08,378,378.0
2019-06-13 13:52:09,375,375.0
2019-06-13 13:52:09,374,374.0
2019-06-13 13:52:10,382,382.0
2019-06-13 13:52:10,397,397.0
2019-06-13 13:52:10,412,412.0
2019-06-13 13:52:11,423,423.0
2019-06-13 13:52:11,435,435.0
2019-06-13 13:52:12,421,421.0
2019-06-13 13:52:12,419,419.0
2019-06-13 13:52:13,427,427.0
2019-06-13 13:52:13,423,423.0
2019-06-13 13:52:13,416,416.0
2019-06-13 13:52:14,414,414.0
2019-06-13 13:52:14,409,409.0
2019-06-13 13:52:15,400,400.0
2019-06-13 13:52:15,393,393.0
2019-06-13 13:52:15,392,392.0
