Timestamp,HR,BR,Temp,Posture,Activity,Acceleration,Battery,BRAmplitude,ECGAmplitude,ECGNoise,XMin,XPeak,YMin,YPeak,ZMin,ZPeak
2019-06-13 13:38:51.440,178,26.6,-3276.8,87,0.07,0.15,4.158,136.0,0.0051,0.0002,-0.15,0.07,-0.48,-0.24,-0.96,-0.79
2019-06-13 13:38:52.440,170,26.5,-3276.8,86,0.07,0.16,4.158,122.0,0.00494,0.0002,-0.16,0.0,-0.4,-0.22,-0.98,-0.77
2019-06-13 13:38:53.440,162,26.5,-3276.8,84,0.08,0.15,4.158,109.0,0.00494,0.00014,-0.16,0.01,-0.39,-0.19,-1.02,-0.77
2019-06-13 13:38:54.440,157,26.3,-3276.8,84,0.04,0.13,4.158,98.0,0.005,0.00014,-0.16,-0.01,-0.34,-0.19,-0.96,-0.84
2019-06-13 13:38:55.440,153,26.3,-3276.8,84,0.15,0.46,4.158,92.0,0.005,0.00014,-0.25,0.14,-0.66,-0.1,-1.25,-0.45
2019-06-13 13:38:56.440,149,26.2,-3276.8,84,0.18,0.42,4.158,94.0,0.00502,0.00014,-0.39,0.25,-0.63,-0.13,-1.02,-0.55
2019-06-13 13:38:57.440,145,26.2,-3276.8,87,0.26,0.61,4.158,94.0,0.00502,0.00016,-0.36,0.48,-0.77,0.07,-1.27,-0.49
2019-06-13 13:38:58.440,143,26.1,-3276.8,91,0.35,0.91,4.157,89.0,0.00518,0.00018,-0.6,0.98,-0.87,0.12,-1.48,-0.2
2019-06-13 13:38:59.440,145,26.1,-3276.8,93,0.71,1.36,4.157,83.0,0.00518,0.0002,-0.73,0.92,-0.93,0.27,-2.01,0.46
2019-06-13 13:39:00.440,148,26.0,-3276.8,94,0.7,1.31,4.157,80.0,0.00516,0.0002,-0.65,1.2,-0.9,0.33,-2.03,0.44
2019-06-13 13:39:01.440,143,26.0,-3276.8,94,0.44,1.19,4.157,74.0,0.00516,0.0002,-0.3,1.09,-0.74,0.1,-1.72,0.22
2019-06-13 13:39:02.440,137,25.9,-3276.8,90,0.11,0.2,4.157,91.0,0.00504,0.00018,-0.16,0.01,-0.34,-0.19,-1.07,-0.79
2019-06-13 13:39:03.440,132,25.9,-3276.8,89,0.12,0.32,4.157,84.0,0.00504,0.00016,-0.19,0.2,-0.46,0.0,-1.16,-0.78
2019-06-13 13:39:04.440,131,26.0,-3276.8,90,0.27,0.49,4.157,83.0,0.00494,0.00018,-0.34,0.33,-0.74,-0.04,-1.22,-0.61
2019-06-13 13:39:05.440,133,26.0,-3276.8,91,0.28,0.66,4.157,84.0,0.00494,0.00018,-0.31,0.74,-0.69,0.0,-1.43,-0.56
2019-06-13 13:39:06.440,138,26.1,-3276.8,93,0.33,0.73,4.157,89.0,0.00472,0.00022,-0.4,0.69,-0.77,-0.08,-1.46,-0.44
2019-06-13 13:39:07.440,146,26.1,-3276.8,93,0.3,0.69,4.157,85.0,0.00472,0.00024,-0.19,0.51,-0.86,0.0,-1.57,-0.34
2019-06-13 13:39:08.440,154,26.2,-3276.8,90,0.6,1.71,4.157,93.0,0.00452,0.00082,-0.69,1.34,-1.42,0.06,-2.46,0.02
2019-06-13 13:39:09.440,159,26.2,-3276.8,91,0.34,0.63,4.157,96.0,0.00452,0.00068,-0.22,0.22,-0.65,-0.08,-1.36,-0.21
2019-06-13 13:39:10.440,159,26.2,-3276.8,93,0.32,0.69,4.157,103.0,0.00464,0.0006,-0.27,0.6,-0.84,0.07,-1.45,-0.3
2019-06-13 13:39:11.440,164,26.2,-3276.8,90,0.34,0.73,4.157,109.0,0.00464,0.00054,-0.71,0.59,-0.9,-0.13,-1.57,-0.44
2019-06-13 13:39:12.440,172,26.0,-3276.8,91,0.38,0.81,4.157,110.0,0.00488,0.0005,-0.78,0.81,-0.85,-0.06,-1.42,-0.36
2019-06-13 13:39:13.440,186,26.0,-3276.8,90,0.37,0.62,4.157,107.0,0.00488,0.00046,-0.48,0.31,-0.86,-0.09,-1.24,-0.31
2019-06-13 13:39:14.440,193,26.0,-3276.8,89,0.19,0.69,4.157,115.0,0.00508,0.00046,-0.46,0.39,-0.56,0.18,-1.36,-0.74
2019-06-13 13:39:15.440,194,26.0,-3276.8,92,0.55,1.44,4.157,112.0,0.00508,0.0005,-0.44,0.78,-1.43,0.18,-2.3,-0.06
2019-06-13 13:39:16.440,198,25.9,-3276.8,91,0.6,1.1,4.157,122.0,0.0054,0.00046,-0.69,0.71,-1.3,0.21,-1.83,0.12
2019-06-13 13:39:17.440,206,25.9,-3276.8,91,0.41,0.77,4.157,108.0,0.0054,0.00044,-0.4,0.42,-0.95,0.04,-1.55,-0.32
2019-06-13 13:39:18.440,211,25.8,-3276.8,88,0.19,0.37,4.157,97.0,0.00536,0.00044,-0.25,0.18,-0.73,-0.27,-1.06,-0.48
2019-06-13 13:39:19.440,207,25.8,-3276.8,84,0.14,0.24,4.157,99.0,0.00536,0.00036,-0.28,-0.1,-0.55,-0.38,-1.0,-0.68
2019-06-13 13:39:20.440,205,25.8,-3276.8,82,0.07,0.37,4.157,97.0,0.00532,0.0003,-0.24,0.18,-0.77,-0.32,-0.95,-0.67
2019-06-13 13:39:21.440,202,25.8,-3276.8,85,0.33,0.83,4.157,107.0,0.00532,0.00028,-0.36,0.55,-1.12,-0.16,-1.68,-0.19
2019-06-13 13:39:22.440,198,25.7,-3276.8,89,0.51,1.08,4.157,111.0,0.00508,0.0003,-0.43,0.75,-1.12,0.44,-1.63,0.25
2019-06-13 13:39:23.440,193,25.7,-3276.8,91,0.39,0.63,4.157,103.0,0.00508,0.0003,-0.21,0.66,-0.74,0.07,-1.33,-0.43
2019-06-13 13:39:24.440,189,25.7,-3276.8,100,0.31,0.53,4.157,110.0,0.00516,0.00034,-0.01,0.71,-0.53,-0.07,-1.33,-0.62
2019-06-13 13:39:25.440,184,25.7,-3276.8,98,0.29,0.61,4.157,113.0,0.00516,0.0003,-0.48,0.63,-0.74,-0.06,-1.37,-0.45
2019-06-13 13:39:26.440,171,25.7,-3276.8,96,0.33,0.67,4.157,104.0,0.00514,0.00028,-0.39,0.45,-0.89,-0.03,-1.22,-0.39
2019-06-13 13:39:27.440,164,25.7,-3276.8,94,0.31,0.91,4.157,100.0,0.00514,0.00028,-0.37,0.53,-1.12,0.09,-1.48,0.06
2019-06-13 13:39:28.440,160,25.7,-3276.8,96,0.6,1.85,4.157,101.0,0.0053,0.00034,-0.78,2.08,-1.19,0.25,-1.81,-0.01
2019-06-13 13:39:29.440,152,25.7,-3276.8,100,0.5,0.69,4.157,95.0,0.0053,0.00032,-0.36,0.84,-0.9,0.02,-1.48,-0.49
2019-06-13 13:39:30.440,146,25.7,-3276.8,102,0.33,0.72,4.157,93.0,0.00468,0.00028,-0.19,0.69,-0.78,0.08,-1.49,-0.25
2019-06-13 13:39:31.440,142,25.7,-3276.8,97,0.54,1.12,4.157,116.0,0.00468,0.0003,-0.86,1.28,-0.87,0.14,-1.61,-0.19
2019-06-13 13:39:32.440,142,25.8,-3276.8,96,0.65,1.12,4.157,119.0,0.00482,0.00032,-0.86,1.28,-0.87,0.14,-1.61,-0.19
2019-06-13 13:39:33.440,145,25.8,-3276.8,94,0.64,1.12,4.157,112.0,0.00482,0.00032,-0.67,0.8,-1.07,0.16,-1.77,0.16
2019-06-13 13:39:34.440,156,25.9,-3276.8,94,0.42,1.32,4.157,102.0,0.00494,0.0003,-0.38,1.03,-1.07,0.33,-1.71,0.32
2019-06-13 13:39:35.440,175,25.9,-3276.8,92,0.23,0.68,4.157,100.0,0.00494,0.0003,-0.28,0.55,-1.07,-0.2,-1.19,-0.37
2019-06-13 13:39:36.440,186,26.0,-3276.8,78,0.5,1.42,4.157,146.0,0.00498,0.00032,-1.24,0.28,-0.65,0.51,-1.57,0.25
2019-06-13 13:39:37.440,186,26.0,-3276.8,67,0.27,0.75,4.157,212.0,0.00498,0.00032,-0.92,-0.08,-0.55,0.13,-1.22,-0.51
2019-06-13 13:39:38.440,185,26.0,-3276.8,71,0.31,0.55,4.157,212.0,0.00514,0.00032,-0.95,-0.34,-0.62,-0.07,-1.12,-0.66
2019-06-13 13:39:39.440,173,26.0,-3276.8,81,0.37,0.69,4.157,195.0,0.00514,0.00032,-0.46,0.33,-0.6,-0.07,-1.26,-0.54
2019-06-13 13:39:40.440,171,26.1,-3276.8,91,0.47,0.87,4.157,184.0,0.0049,0.00034,-0.48,0.72,-0.77,-0.09,-1.44,-0.19
2019-06-13 13:39:41.440,171,26.1,-3276.8,100,0.42,1.08,4.157,172.0,0.0049,0.00032,-0.19,1.18,-0.8,0.07,-1.81,-0.21
2019-06-13 13:39:42.440,168,26.1,-3276.8,106,0.34,0.69,4.157,172.0,0.00484,0.00032,-0.02,0.84,-0.73,0.0,-1.1,-0.32
2019-06-13 13:39:43.440,160,26.1,-3276.8,105,0.26,0.67,4.157,170.0,0.00484,0.0003,-0.16,0.71,-0.75,0.16,-1.14,-0.48
2019-06-13 13:39:44.440,148,26.1,-3276.8,108,0.37,0.69,4.157,162.0,0.00472,0.0003,-0.2,0.9,-0.71,0.09,-1.51,-0.42
2019-06-13 13:39:45.440,140,26.1,-3276.8,105,0.34,0.79,4.157,145.0,0.00472,0.00026,-0.45,0.74,-0.73,0.14,-1.33,-0.3
2019-06-13 13:39:46.440,134,26.2,-3276.8,102,0.59,0.73,4.157,139.0,0.00464,0.00028,-0.39,1.02,-0.84,0.08,-1.39,-0.34
2019-06-13 13:39:47.440,135,26.2,-3276.8,102,0.62,1.38,4.157,141.0,0.00464,0.00032,-0.93,1.71,-1.0,0.06,-2.03,0.34
2019-06-13 13:39:48.440,141,26.3,-3276.8,96,0.81,1.37,4.157,130.0,0.00454,0.00036,-1.13,1.45,-1.18,0.04,-1.77,0.09
2019-06-13 13:39:49.440,148,26.3,-3276.8,97,1.11,3.24,4.157,141.0,0.00454,0.0009,-1.83,3.53,-1.43,0.34,-2.91,0.21
2019-06-13 13:39:50.440,151,26.4,-3276.8,100,0.95,2.63,4.157,126.0,0.00492,0.00086,-1.71,3.12,-1.21,0.26,-2.67,0.42
2019-06-13 13:39:51.440,155,26.4,-3276.8,98,0.25,2.07,4.157,130.0,0.00492,0.00082,-0.36,1.6,-1.45,0.33,-2.59,0.14
2019-06-13 13:39:52.440,159,26.4,-3276.8,96,0.14,0.43,4.157,131.0,0.00516,0.00068,-0.09,0.26,-0.45,-0.01,-1.18,-0.77
2019-06-13 13:39:53.440,160,26.4,-3276.8,92,0.23,0.49,4.157,144.0,0.00516,0.00056,-0.2,0.13,-0.55,-0.02,-1.36,-0.55
2019-06-13 13:39:54.440,161,26.4,-3276.8,90,0.17,0.39,4.157,130.0,0.00516,0.00054,-0.3,0.21,-0.46,0.03,-1.14,-0.77
2019-06-13 13:39:55.440,166,26.4,-3276.8,92,0.23,0.36,4.157,125.0,0.00516,0.00052,-0.28,0.25,-0.6,0.0,-1.21,-0.65
2019-06-13 13:39:56.440,174,26.4,-3276.8,92,0.29,0.57,4.157,115.0,0.0054,0.00048,-0.31,0.42,-0.86,-0.08,-1.31,-0.62
2019-06-13 13:39:57.440,189,26.4,-3276.8,93,0.42,0.93,4.157,101.0,0.0054,0.00046,-0.54,0.97,-0.92,-0.03,-1.54,-0.31
2019-06-13 13:39:58.440,192,26.4,-3276.8,91,0.23,0.63,4.157,91.0,0.00554,0.00042,-0.49,0.71,-0.68,-0.01,-1.15,-0.42
2019-06-13 13:39:59.440,192,26.4,-3276.8,91,0.19,0.37,4.157,82.0,0.00554,0.00036,-0.22,0.31,-0.71,-0.09,-1.13,-0.59
2019-06-13 13:40:00.440,185,26.1,-3276.8,92,0.29,0.59,4.157,76.0,0.0055,0.00036,-0.44,0.55,-0.75,-0.03,-1.26,-0.61
2019-06-13 13:40:01.440,165,26.1,-3276.8,91,0.24,0.66,4.157,69.0,0.0055,0.00032,-0.5,0.67,-0.97,-0.04,-1.18,-0.59
2019-06-13 13:40:02.440,161,25.9,-3276.8,94,0.31,0.74,4.157,68.0,0.00544,0.00032,-0.31,0.9,-0.78,0.04,-1.39,-0.49
2019-06-13 13:40:03.440,166,25.9,-3276.8,94,0.31,0.77,4.157,59.0,0.00544,0.00032,-0.66,0.62,-0.75,-0.03,-1.26,-0.43
2019-06-13 13:40:04.440,174,25.9,-3276.8,94,0.23,0.56,4.157,58.0,0.0053,0.00032,-0.27,0.57,-0.71,-0.16,-1.24,-0.48
2019-06-13 13:40:05.440,180,25.9,-3276.8,93,0.18,0.37,4.157,56.0,0.0053,0.0003,-0.21,0.38,-0.66,-0.14,-1.15,-0.66
2019-06-13 13:40:06.440,186,25.8,-3276.8,93,0.23,0.46,4.157,51.0,0.00526,0.00032,-0.28,0.38,-0.71,-0.04,-1.36,-0.6
2019-06-13 13:40:07.440,191,25.8,-3276.8,92,0.25,0.51,4.157,50.0,0.00526,0.00036,-0.46,0.54,-0.72,0.0,-1.19,-0.51
2019-06-13 13:40:08.440,192,25.7,-3276.8,93,0.36,0.71,4.157,51.0,0.00526,0.00038,-0.54,0.93,-0.9,0.06,-1.28,-0.4
2019-06-13 13:40:09.440,192,25.7,-3276.8,94,0.29,0.84,4.157,52.0,0.00526,0.00036,-0.55,0.97,-0.81,-0.02,-1.31,-0.37
2019-06-13 13:40:10.440,185,25.6,-3276.8,93,0.29,0.72,4.157,50.0,0.00542,0.00042,-0.16,0.49,-0.8,-0.09,-1.15,-0.14
2019-06-13 13:40:11.440,180,25.6,-3276.8,91,0.32,0.73,4.157,59.0,0.00542,0.00042,-0.81,0.67,-0.98,-0.04,-1.31,-0.51
2019-06-13 13:40:12.440,180,25.6,-3276.8,92,0.25,0.72,4.157,59.0,0.0054,0.0004,-0.33,0.69,-0.71,-0.08,-1.21,-0.56
2019-06-13 13:40:13.440,181,25.6,-3276.8,91,0.26,0.45,4.157,65.0,0.0054,0.00038,-0.26,0.38,-0.84,-0.15,-1.12,-0.56
2019-06-13 13:40:14.440,184,25.6,-3276.8,91,0.25,0.53,4.157,59.0,0.00534,0.00038,-0.44,0.51,-0.85,-0.19,-1.22,-0.48
2019-06-13 13:40:15.440,183,25.6,-3276.8,91,0.26,0.51,4.157,53.0,0.00534,0.00042,-0.32,0.5,-0.73,-0.14,-1.13,-0.54
2019-06-13 13:40:16.440,179,25.6,-3276.8,91,0.28,0.55,4.157,58.0,0.00548,0.00042,-0.54,0.51,-0.85,-0.03,-1.19,-0.34
2019-06-13 13:40:17.440,172,25.6,-3276.8,92,0.23,0.49,4.157,61.0,0.00548,0.0004,-0.24,0.39,-0.62,-0.1,-1.37,-0.57
2019-06-13 13:40:18.440,166,25.5,-3276.8,92,0.29,0.61,4.157,62.0,0.00568,0.0004,-0.56,0.66,-0.85,-0.09,-1.28,-0.43
2019-06-13 13:40:19.440,169,25.5,-3276.8,93,0.33,0.63,4.157,58.0,0.00568,0.0004,-0.55,0.65,-0.73,-0.02,-1.19,-0.43
2019-06-13 13:40:20.440,176,25.5,-3276.8,92,0.21,0.43,4.157,54.0,0.00538,0.0004,-0.32,0.48,-0.71,-0.14,-1.14,-0.6
2019-06-13 13:40:21.440,181,25.5,-3276.8,91,0.29,0.48,4.157,50.0,0.00538,0.00042,-0.4,0.37,-0.8,-0.14,-1.36,-0.4
2019-06-13 13:40:22.440,180,25.4,-3276.8,93,0.36,0.72,4.157,48.0,0.00544,0.00038,-0.61,0.8,-0.96,0.03,-1.31,-0.51
2019-06-13 13:40:23.440,174,25.4,-3276.8,92,0.25,0.45,4.157,42.0,0.00544,0.00034,-0.38,0.42,-0.74,-0.16,-1.3,-0.54
2019-06-13 13:40:24.440,166,25.3,-3276.8,93,0.26,0.62,4.157,40.0,0.00548,0.00032,-0.57,0.66,-0.89,-0.04,-1.3,-0.54
2019-06-13 13:40:25.440,160,25.3,-3276.8,91,0.22,0.5,4.157,42.0,0.00548,0.00032,-0.27,0.56,-0.57,-0.07,-1.19,-0.61
2019-06-13 13:40:26.440,160,25.2,-3276.8,91,0.22,0.45,4.157,45.0,0.00546,0.00032,-0.26,0.28,-0.59,-0.03,-1.19,-0.44
2019-06-13 13:40:27.440,166,25.2,-3276.8,91,0.24,0.48,4.157,44.0,0.00546,0.00034,-0.37,0.46,-0.8,-0.09,-1.24,-0.51
2019-06-13 13:40:28.440,175,25.1,-3276.8,91,0.33,0.63,4.157,41.0,0.00532,0.00036,-0.48,0.65,-0.71,0.06,-1.3,-0.19
2019-06-13 13:40:29.440,187,25.1,-3276.8,93,0.27,0.66,4.157,42.0,0.00532,0.0004,-0.6,0.48,-0.72,-0.02,-1.19,-0.42
2019-06-13 13:40:30.440,199,24.9,-3276.8,94,0.24,0.45,4.157,39.0,0.00522,0.00042,-0.3,0.49,-0.79,-0.08,-1.34,-0.49
2019-06-13 13:40:31.440,205,24.9,-3276.8,93,0.36,0.65,4.157,45.0,0.00522,0.00044,-0.44,0.68,-0.84,-0.01,-1.34,-0.28
2019-06-13 13:40:32.440,203,24.7,-3276.8,92,0.35,0.79,4.157,52.0,0.00512,0.00046,-0.36,0.44,-0.95,0.12,-1.26,-0.09
2019-06-13 13:40:33.440,199,24.7,-3276.8,89,0.32,0.78,4.157,60.0,0.00512,0.00042,-0.72,0.77,-1.04,0.0,-1.24,-0.43
2019-06-13 13:40:34.440,194,24.5,-3276.8,91,0.26,0.57,4.157,59.0,0.00522,0.00042,-0.38,0.48,-0.86,-0.09,-1.14,-0.54
2019-06-13 13:40:35.440,188,24.5,-3276.8,91,0.34,0.72,4.157,56.0,0.00522,0.0004,-0.65,0.73,-0.95,-0.09,-1.26,-0.55
2019-06-13 13:40:36.440,176,24.3,-3276.8,92,0.28,0.72,4.157,53.0,0.00522,0.0004,-0.28,0.44,-0.9,0.01,-1.39,-0.55
2019-06-13 13:40:37.440,168,24.3,-3276.8,89,0.31,0.59,4.157,54.0,0.00522,0.00042,-0.54,0.45,-0.95,-0.04,-1.3,-0.56
2019-06-13 13:40:38.440,170,23.9,-3276.8,93,0.37,0.79,4.157,55.0,0.0055,0.00042,-0.65,0.86,-0.73,-0.01,-1.42,-0.5
2019-06-13 13:40:39.440,176,23.9,-3276.8,91,0.26,0.44,4.157,58.0,0.0055,0.00038,-0.36,0.43,-0.75,0.03,-1.25,-0.6
2019-06-13 13:40:40.440,184,23.7,-3276.8,91,0.28,0.53,4.157,56.0,0.00532,0.00038,-0.43,0.44,-0.87,-0.02,-1.26,-0.56
2019-06-13 13:40:41.440,197,23.7,-3276.8,92,0.3,0.8,4.157,54.0,0.00532,0.0004,-0.21,0.61,-0.91,0.01,-1.42,-0.5
2019-06-13 13:40:42.440,208,23.3,-3276.8,91,0.32,0.65,4.157,54.0,0.00478,0.0004,-0.46,0.56,-0.85,0.0,-1.19,-0.38
2019-06-13 13:40:43.440,216,23.3,-3276.8,91,0.39,0.73,4.157,60.0,0.00478,0.0004,-0.55,0.63,-0.9,0.13,-1.42,-0.24
2019-06-13 13:40:44.440,218,23.1,-3276.8,92,0.32,0.59,4.157,64.0,0.00496,0.0004,-0.24,0.71,-0.87,-0.1,-1.38,-0.37
2019-06-13 13:40:45.440,215,23.1,-3276.8,93,0.26,0.59,4.157,59.0,0.00496,0.00042,-0.33,0.62,-0.61,-0.07,-1.28,-0.48
2019-06-13 13:40:46.440,207,23.0,-3276.8,91,0.2,0.48,4.157,65.0,0.00492,0.00042,-0.25,0.22,-0.61,-0.12,-1.28,-0.62
2019-06-13 13:40:47.440,201,23.0,-3276.8,91,0.23,0.46,4.157,68.0,0.00492,0.00042,-0.3,0.34,-0.57,0.0,-1.14,-0.61
2019-06-13 13:40:48.440,190,22.9,-3276.8,90,0.25,0.51,4.157,62.0,0.00502,0.00044,-0.38,0.51,-0.57,-0.02,-1.3,-0.57
2019-06-13 13:40:49.440,178,22.9,-3276.8,88,0.27,0.63,4.157,69.0,0.00502,0.00046,-0.63,0.59,-0.85,0.1,-1.38,-0.4
2019-06-13 13:40:50.440,177,22.9,-3276.8,93,0.46,1.21,4.157,70.0,0.00494,0.00046,-0.81,1.31,-0.69,0.0,-1.34,-0.25
2019-06-13 13:40:51.440,174,22.9,-3276.8,91,0.28,0.89,4.157,64.0,0.00494,0.0004,-0.74,0.69,-0.8,0.01,-1.33,-0.54
2019-06-13 13:40:52.440,166,22.7,-3276.8,93,0.56,1.25,4.157,58.0,0.00512,0.00042,-0.93,1.0,-0.87,0.2,-1.87,-0.07
2019-06-13 13:40:53.440,154,22.7,-3276.8,98,0.66,1.53,4.157,53.0,0.00512,0.00038,-0.5,1.56,-1.25,0.53,-1.86,0.1
2019-06-13 13:40:54.440,145,22.7,-3276.8,98,0.28,0.63,4.157,69.0,0.00504,0.00036,-0.37,0.85,-0.72,-0.08,-1.15,-0.48
2019-06-13 13:40:55.440,142,22.7,-3276.8,96,0.32,0.8,4.157,81.0,0.00504,0.00034,-0.57,0.51,-0.53,0.18,-1.37,-0.6
2019-06-13 13:40:56.440,146,22.7,-3276.8,94,0.42,1.02,4.157,76.0,0.00732,0.00036,-0.69,0.81,-0.78,0.1,-1.77,-0.04
2019-06-13 13:40:57.440,151,22.7,-3276.8,95,0.53,0.89,4.157,76.0,0.00732,0.00038,-0.26,0.72,-0.55,0.16,-1.72,-0.01
2019-06-13 13:40:58.440,158,22.7,-3276.8,93,0.45,1.24,4.157,84.0,0.007,0.00038,-0.63,1.18,-0.75,0.07,-2.15,0.4
2019-06-13 13:40:59.440,175,22.7,-3276.8,94,0.45,0.85,4.157,106.0,0.007,0.00042,-0.34,0.9,-1.02,0.06,-1.28,-0.53
2019-06-13 13:41:00.440,191,22.7,-3276.8,93,0.28,0.68,4.157,100.0,0.00682,0.00042,-0.68,0.22,-0.55,0.04,-1.34,-0.6
2019-06-13 13:41:01.440,192,22.7,-3276.8,88,0.35,0.65,4.157,115.0,0.00682,0.00038,-0.5,0.54,-0.69,0.13,-1.15,-0.62
2019-06-13 13:41:02.440,190,22.7,-3276.8,87,0.32,0.56,4.157,103.0,0.00692,0.00036,-0.57,0.38,-0.78,-0.08,-1.44,-0.32
2019-06-13 13:41:03.440,188,22.7,-3276.8,91,0.3,0.63,4.157,93.0,0.00692,0.00034,-0.63,0.65,-0.73,-0.08,-1.26,-0.37
2019-06-13 13:41:04.440,182,22.8,-3276.8,97,0.4,0.78,4.157,89.0,0.00694,0.00032,-0.57,0.9,-0.78,0.15,-1.48,-0.24
2019-06-13 13:41:05.440,177,22.8,-3276.8,99,0.3,0.71,4.157,87.0,0.00694,0.00034,-0.24,0.79,-0.8,-0.09,-1.15,-0.42
2019-06-13 13:41:06.440,165,22.8,-3276.8,84,0.46,0.85,4.157,87.0,0.00688,0.00032,-0.84,-0.06,-0.63,-0.02,-1.18,-0.3
2019-06-13 13:41:07.440,160,22.8,-3276.8,75,0.44,0.68,4.157,96.0,0.00688,0.00036,-0.74,0.08,-1.14,0.13,-1.44,-0.15
2019-06-13 13:41:08.440,161,22.9,-3276.8,68,0.24,0.49,4.157,93.0,0.00696,0.00034,-0.72,-0.18,-0.4,-0.14,-1.1,-0.63
2019-06-13 13:41:09.440,161,22.9,-3276.8,61,0.17,0.33,4.157,98.0,0.00696,0.0003,-0.75,-0.37,-0.31,-0.15,-0.91,-0.57
2019-06-13 13:41:10.440,157,23.1,-3276.8,61,0.19,0.44,4.157,92.0,0.00796,0.00028,-0.69,-0.04,-0.45,-0.07,-1.03,-0.57
2019-06-13 13:41:11.440,148,23.1,-3276.8,57,0.14,0.31,4.157,96.0,0.00796,0.00024,-0.79,-0.4,-0.34,-0.13,-0.91,-0.57
2019-06-13 13:41:12.440,143,23.2,-3276.8,52,0.16,1.61,4.157,88.0,0.00786,0.00022,-1.16,0.75,-1.27,0.06,-1.8,-0.01
2019-06-13 13:41:13.440,139,23.2,-3276.8,74,0.71,1.61,4.157,91.0,0.00786,0.00024,-1.16,0.75,-1.27,0.06,-1.8,-0.01
2019-06-13 13:41:14.440,140,23.4,-3276.8,82,0.42,1.45,4.157,106.0,0.00738,0.00028,-0.75,0.75,-1.06,-0.09,-1.71,-0.2
2019-06-13 13:41:15.440,146,23.4,-3276.8,85,0.32,0.83,4.157,102.0,0.00738,0.00032,-0.54,0.51,-0.59,-0.06,-1.67,-0.25
2019-06-13 13:41:16.440,154,23.4,-3276.8,88,0.39,1.01,4.157,107.0,0.00774,0.0003,-0.54,0.73,-0.92,-0.18,-1.45,-0.45
2019-06-13 13:41:17.440,151,23.4,-3276.8,90,0.3,1.07,4.157,108.0,0.00774,0.00028,-0.44,0.91,-1.15,0.16,-1.3,-0.25
2019-06-13 13:41:18.440,152,23.6,-3276.8,94,0.41,0.55,4.157,106.0,0.0072,0.00028,-0.27,0.48,-0.89,0.09,-1.42,-0.37
2019-06-13 13:41:19.440,159,23.6,-3276.8,93,0.35,0.96,4.157,104.0,0.0072,0.00028,-0.21,0.95,-0.56,0.27,-1.43,-0.34
2019-06-13 13:41:20.440,167,23.9,-3276.8,94,0.37,0.83,4.157,100.0,0.00724,0.0003,-0.69,0.59,-0.91,0.1,-1.33,-0.49
2019-06-13 13:41:21.440,177,23.9,-3276.8,92,0.35,0.68,4.157,98.0,0.00724,0.00034,-0.36,0.77,-0.57,0.2,-1.59,-0.43
2019-06-13 13:41:22.440,180,24.4,-3276.8,89,0.69,1.09,4.157,96.0,0.007,0.00038,-0.95,0.97,-0.84,0.26,-1.55,0.13
2019-06-13 13:41:23.440,188,24.4,-3276.8,92,0.46,1.16,4.157,112.0,0.007,0.00036,-1.08,1.21,-1.18,0.13,-1.92,0.01
2019-06-13 13:41:24.440,193,24.7,-3276.8,91,0.21,0.74,4.157,102.0,0.00668,0.00036,-0.51,0.38,-1.14,-0.15,-1.66,-0.34
2019-06-13 13:41:25.440,187,24.7,-3276.8,89,0.1,0.31,4.157,101.0,0.00668,0.00032,-0.16,0.2,-0.68,-0.15,-1.06,-0.59
2019-06-13 13:41:26.440,183,25.0,-3276.8,88,0.07,0.18,4.157,93.0,0.00668,0.00028,-0.16,0.03,-0.39,-0.24,-0.97,-0.79
2019-06-13 13:41:27.440,179,25.0,-3276.8,87,0.04,0.12,4.157,89.0,0.00668,0.00024,-0.14,0.03,-0.4,-0.3,-0.96,-0.81
2019-06-13 13:41:28.440,170,25.3,-3276.8,87,0.06,0.12,4.157,81.0,0.00768,0.0002,-0.16,0.01,-0.46,-0.27,-0.96,-0.79
2019-06-13 13:41:29.440,153,25.3,-3276.8,87,0.05,0.14,4.157,70.0,0.00768,0.00018,-0.18,0.02,-0.48,-0.31,-0.95,-0.79
2019-06-13 13:41:30.440,141,25.5,-3276.8,87,0.03,0.12,4.157,61.0,0.0076,0.00014,-0.15,0.02,-0.4,-0.3,-0.95,-0.8
2019-06-13 13:41:31.440,134,25.5,-3276.8,87,0.02,0.06,4.157,55.0,0.0076,0.00014,-0.1,-0.01,-0.39,-0.33,-0.95,-0.84
2019-06-13 13:41:32.440,130,25.7,-3276.8,86,0.09,0.15,4.157,92.0,0.00778,0.00014,-0.19,0.04,-0.54,-0.28,-1.02,-0.73
2019-06-13 13:41:33.440,129,25.7,-3276.8,86,0.04,0.16,4.157,117.0,0.00778,0.00012,-0.22,0.01,-0.5,-0.34,-0.95,-0.77
2019-06-13 13:41:34.440,127,25.8,-3276.8,86,0.04,0.08,4.157,113.0,0.00778,0.0001,-0.16,-0.01,-0.43,-0.33,-0.95,-0.83
2019-06-13 13:41:35.440,126,25.8,-3276.8,86,0.05,0.1,4.157,102.0,0.00778,0.0001,-0.16,0.0,-0.44,-0.36,-0.96,-0.77
2019-06-13 13:41:36.440,123,25.9,-3276.8,86,0.03,0.08,4.157,90.0,0.00754,8e-05,-0.15,0.01,-0.44,-0.36,-0.93,-0.8
2019-06-13 13:41:37.440,119,25.9,-3276.8,86,0.04,0.1,4.157,78.0,0.00754,8e-05,-0.13,-0.01,-0.49,-0.34,-0.95,-0.78
2019-06-13 13:41:38.440,108,25.9,-3276.8,86,0.03,0.09,4.157,70.0,0.00754,8e-05,-0.14,0.01,-0.46,-0.33,-0.95,-0.8
2019-06-13 13:41:39.440,100,25.9,-3276.8,86,0.02,0.08,4.157,62.0,0.00754,8e-05,-0.12,-0.01,-0.46,-0.34,-0.93,-0.8
2019-06-13 13:41:40.440,93,25.9,-3276.8,86,0.02,0.06,4.157,60.0,0.00746,8e-05,-0.12,-0.01,-0.45,-0.36,-0.93,-0.83
2019-06-13 13:41:41.440,89,25.9,-3276.8,87,0.02,0.06,4.157,54.0,0.00746,8e-05,-0.09,-0.01,-0.45,-0.37,-0.92,-0.79
2019-06-13 13:41:42.440,89,25.9,-3276.8,87,0.05,0.09,4.157,50.0,0.00764,0.0001,-0.12,0.01,-0.46,-0.37,-0.95,-0.79
2019-06-13 13:41:43.440,91,25.9,-3276.8,87,0.06,0.13,4.157,49.0,0.00764,0.00012,-0.16,0.08,-0.48,-0.31,-0.95,-0.77
2019-06-13 13:41:44.440,95,25.9,-3276.8,87,0.05,0.12,4.157,46.0,0.00734,0.00012,-0.16,0.08,-0.43,-0.28,-0.98,-0.81
2019-06-13 13:41:45.440,108,25.9,-3276.8,87,0.04,0.13,4.157,40.0,0.00734,0.00014,-0.14,0.0,-0.38,-0.25,-0.97,-0.79
2019-06-13 13:41:46.440,115,25.8,-3276.8,87,0.05,0.12,4.157,37.0,0.00748,0.00012,-0.15,0.01,-0.43,-0.3,-0.97,-0.79
2019-06-13 13:41:47.440,117,25.8,-3276.8,86,0.03,0.12,4.157,33.0,0.00748,0.0001,-0.15,0.0,-0.4,-0.28,-0.96,-0.78
2019-06-13 13:41:48.440,117,25.8,-3276.8,86,0.02,0.06,4.157,31.0,0.00752,8e-05,-0.12,-0.03,-0.38,-0.31,-0.95,-0.85
2019-06-13 13:41:49.440,116,25.8,-3276.8,84,0.02,0.04,4.157,28.0,0.00752,8e-05,-0.14,-0.03,-0.39,-0.33,-0.95,-0.85
2019-06-13 13:41:50.440,112,25.7,-3276.8,86,0.05,0.09,4.157,26.0,0.00746,6e-05,-0.16,0.01,-0.39,-0.27,-0.95,-0.85
2019-06-13 13:41:51.440,109,25.7,-3276.8,86,0.06,0.09,4.157,23.0,0.00746,8e-05,-0.15,0.02,-0.39,-0.27,-0.98,-0.79
2019-06-13 13:41:52.440,107,25.7,-3276.8,87,0.06,0.13,4.157,21.0,0.00732,0.0001,-0.13,0.03,-0.43,-0.26,-1.0,-0.78
2019-06-13 13:41:53.440,104,25.7,-3276.8,92,0.16,0.33,4.157,19.0,0.00732,0.0001,-0.07,0.33,-0.45,-0.21,-0.97,-0.77
2019-06-13 13:41:54.440,106,25.7,-3276.8,100,0.24,0.5,4.157,34.0,0.00752,0.00012,0.21,0.48,-0.36,-0.06,-0.98,-0.67
2019-06-13 13:41:55.440,109,25.7,-3276.8,88,0.38,0.59,4.157,41.0,0.00752,0.00014,-0.53,0.48,-0.54,-0.21,-1.13,-0.59
2019-06-13 13:41:56.440,119,25.7,-3276.8,70,0.43,0.71,4.157,71.0,0.00702,0.00014,-0.69,-0.39,-0.43,-0.19,-0.77,-0.57
2019-06-13 13:41:57.440,126,25.7,-3276.8,61,0.2,0.33,4.156,73.0,0.00702,0.00016,-0.62,-0.51,-0.37,-0.2,-0.77,-0.6
2019-06-13 13:41:58.440,127,25.7,-3276.8,58,0.1,0.18,4.156,75.0,0.00702,0.00014,-0.6,-0.5,-0.34,-0.19,-0.81,-0.63
2019-06-13 13:41:59.440,125,25.7,-3276.8,55,0.06,0.12,4.156,71.0,0.00702,0.00012,-0.61,-0.5,-0.34,-0.19,-0.79,-0.61
2019-06-13 13:42:00.440,119,25.7,-3276.8,55,0.04,0.09,4.156,66.0,0.00692,0.00012,-0.59,-0.49,-0.34,-0.18,-0.8,-0.61
2019-06-13 13:42:01.440,112,25.7,-3276.8,55,0.02,0.07,4.156,59.0,0.00692,0.0001,-0.57,-0.48,-0.32,-0.19,-0.78,-0.63
2019-06-13 13:42:02.440,107,25.7,-3276.8,55,0.02,0.06,4.156,52.0,0.00688,0.0001,-0.57,-0.5,-0.31,-0.2,-0.77,-0.65
2019-06-13 13:42:03.440,101,25.7,-3276.8,55,0.03,0.07,4.156,46.0,0.00688,8e-05,-0.57,-0.5,-0.34,-0.2,-0.79,-0.65
2019-06-13 13:42:04.440,98,25.7,-3276.8,55,0.04,0.09,4.156,40.0,0.00736,0.0001,-0.6,-0.49,-0.36,-0.19,-0.79,-0.63
2019-06-13 13:42:05.440,97,25.7,-3276.8,55,0.04,0.08,4.156,35.0,0.00736,8e-05,-0.6,-0.46,-0.36,-0.19,-0.79,-0.63
2019-06-13 13:42:06.440,92,25.7,-3276.8,55,0.04,0.09,4.156,33.0,0.00704,8e-05,-0.57,-0.49,-0.32,-0.19,-0.8,-0.62
2019-06-13 13:42:07.440,90,25.7,-3276.8,55,0.04,0.07,4.156,32.0,0.00704,8e-05,-0.57,-0.46,-0.3,-0.19,-0.81,-0.66
2019-06-13 13:42:08.440,91,25.7,-3276.8,55,0.03,0.09,4.156,31.0,0.00702,0.0001,-0.56,-0.5,-0.32,-0.19,-0.8,-0.66
2019-06-13 13:42:09.440,94,25.7,-3276.8,55,0.04,0.1,4.156,29.0,0.00702,0.0001,-0.57,-0.36,-0.3,-0.16,-0.83,-0.63
2019-06-13 13:42:10.440,94,25.7,-3276.8,55,0.02,0.06,4.156,27.0,0.007,8e-05,-0.56,-0.48,-0.27,-0.19,-0.8,-0.66
2019-06-13 13:42:11.440,92,25.7,-3276.8,55,0.01,0.06,4.156,29.0,0.007,8e-05,-0.56,-0.5,-0.28,-0.18,-0.77,-0.67
2019-06-13 13:42:12.440,93,25.7,-3276.8,55,0.01,0.03,4.156,27.0,0.00682,8e-05,-0.56,-0.5,-0.25,-0.18,-0.77,-0.72
2019-06-13 13:42:13.440,92,25.7,-3276.8,55,0.01,0.06,4.156,27.0,0.00682,8e-05,-0.56,-0.5,-0.27,-0.18,-0.78,-0.67
2019-06-13 13:42:14.440,94,25.7,-3276.8,55,0.02,0.06,4.156,25.0,0.00672,8e-05,-0.56,-0.48,-0.27,-0.18,-0.79,-0.68
2019-06-13 13:42:15.440,95,25.7,-3276.8,55,0.02,0.1,4.156,22.0,0.00672,0.0001,-0.55,-0.46,-0.27,-0.15,-0.8,-0.63
2019-06-13 13:42:16.440,97,25.7,-3276.8,55,0.02,0.08,4.156,19.0,0.00638,0.0001,-0.55,-0.48,-0.28,-0.18,-0.83,-0.67
2019-06-13 13:42:17.440,101,25.7,-3276.8,55,0.02,0.14,4.156,17.0,0.00638,0.0001,-0.6,-0.48,-0.24,-0.16,-0.8,-0.59
2019-06-13 13:42:18.440,104,25.6,-3276.8,53,0.06,0.12,4.156,16.0,0.0066,0.0001,-0.65,-0.49,-0.26,-0.01,-0.8,-0.61
2019-06-13 13:42:19.440,103,25.6,-3276.8,53,0.04,0.12,4.156,17.0,0.0066,0.0001,-0.62,-0.53,-0.32,-0.18,-0.79,-0.59
2019-06-13 13:42:20.440,101,25.6,-3276.8,53,0.03,0.07,4.156,17.0,0.0066,0.0001,-0.61,-0.5,-0.3,-0.19,-0.8,-0.65
2019-06-13 13:42:21.440,99,25.6,-3276.8,54,0.02,0.08,4.156,15.0,0.0066,0.0001,-0.57,-0.51,-0.3,-0.19,-0.79,-0.61
2019-06-13 13:42:22.440,100,25.6,-3276.8,55,0.02,0.06,4.156,13.0,0.00658,0.0001,-0.57,-0.51,-0.27,-0.19,-0.79,-0.68
2019-06-13 13:42:23.440,96,25.6,-3276.8,55,0.02,0.06,4.156,14.0,0.00658,0.0001,-0.57,-0.5,-0.28,-0.18,-0.78,-0.66
2019-06-13 13:42:24.440,94,25.6,-3276.8,55,0.02,0.06,4.156,14.0,0.0067,0.0001,-0.56,-0.5,-0.26,-0.18,-0.8,-0.67
2019-06-13 13:42:25.440,92,25.6,-3276.8,55,0.03,0.07,4.156,12.0,0.0067,0.0001,-0.59,-0.48,-0.28,-0.16,-0.8,-0.67
2019-06-13 13:42:26.440,93,25.5,-3276.8,55,0.03,0.07,4.156,11.0,0.00672,0.00012,-0.57,-0.49,-0.26,-0.16,-0.81,-0.67
2019-06-13 13:42:27.440,92,25.5,-3276.8,55,0.02,0.12,4.156,12.0,0.00672,0.0001,-0.57,-0.48,-0.26,-0.14,-0.83,-0.61
2019-06-13 13:42:28.440,98,25.5,-3276.8,55,0.03,0.07,4.156,12.0,0.00688,0.00012,-0.59,-0.49,-0.27,-0.18,-0.81,-0.67
2019-06-13 13:42:29.440,100,25.5,-3276.8,55,0.03,0.1,4.156,12.0,0.00688,0.00012,-0.59,-0.46,-0.3,-0.18,-0.79,-0.62
2019-06-13 13:42:30.440,97,25.4,-3276.8,60,0.22,0.81,4.156,16.0,0.00702,0.00014,-0.59,0.12,-0.89,-0.03,-0.96,-0.57
2019-06-13 13:42:31.440,97,25.4,-3276.8,78,0.46,0.78,4.156,99.0,0.00702,0.00016,-0.15,0.24,-0.6,-0.14,-1.4,-0.56
2019-06-13 13:42:32.440,101,25.4,-3276.8,89,0.32,0.53,4.156,153.0,0.00672,0.0002,0.04,0.27,-0.77,-0.21,-0.95,-0.59
2019-06-13 13:42:33.440,105,25.4,-3276.8,95,0.17,0.22,4.156,200.0,0.00672,0.0002,0.15,0.21,-0.56,-0.38,-0.85,-0.77
2019-06-13 13:42:34.440,116,25.3,-3276.8,98,0.09,0.13,4.156,179.0,0.00692,0.0002,0.18,0.22,-0.54,-0.36,-0.85,-0.77
2019-06-13 13:42:35.440,120,25.3,-3276.8,100,0.06,0.12,4.156,165.0,0.00692,0.0002,0.18,0.24,-0.56,-0.37,-0.87,-0.73
2019-06-13 13:42:36.440,120,25.2,-3276.8,101,0.05,0.08,4.156,149.0,0.00676,0.0002,0.2,0.25,-0.51,-0.37,-0.87,-0.78
2019-06-13 13:42:37.440,116,25.2,-3276.8,101,0.04,0.07,4.156,134.0,0.00676,0.00018,0.18,0.22,-0.49,-0.34,-0.87,-0.78
2019-06-13 13:42:38.440,111,25.0,-3276.8,102,0.06,0.2,4.156,119.0,0.00664,0.00018,0.2,0.26,-0.46,-0.18,-0.95,-0.77
2019-06-13 13:42:39.440,108,25.0,-3276.8,103,0.1,0.18,4.156,107.0,0.00664,0.00014,0.21,0.25,-0.39,-0.19,-0.95,-0.84
2019-06-13 13:42:40.440,104,24.9,-3276.8,103,0.07,0.14,4.156,100.0,0.00652,0.00018,0.21,0.26,-0.43,-0.19,-0.95,-0.81
2019-06-13 13:42:41.440,97,24.9,-3276.8,103,0.04,0.08,4.156,90.0,0.00652,0.00016,0.2,0.25,-0.37,-0.21,-0.93,-0.81
2019-06-13 13:42:42.440,95,24.8,-3276.8,103,0.03,0.08,4.156,82.0,0.00616,0.00018,0.2,0.26,-0.38,-0.21,-0.95,-0.83
2019-06-13 13:42:43.440,91,24.8,-3276.8,103,0.03,0.08,4.156,74.0,0.00616,0.00016,0.21,0.27,-0.36,-0.21,-0.93,-0.84
2019-06-13 13:42:44.440,88,24.7,-3276.8,103,0.03,0.07,4.156,68.0,0.00612,0.00014,0.2,0.27,-0.37,-0.22,-0.93,-0.79
2019-06-13 13:42:45.440,87,24.7,-3276.8,103,0.02,0.04,4.156,62.0,0.00612,0.00014,0.21,0.26,-0.34,-0.25,-0.93,-0.81
2019-06-13 13:42:46.440,87,24.6,-3276.8,103,0.02,0.06,4.156,59.0,0.00616,0.00014,0.21,0.25,-0.36,-0.24,-0.93,-0.83
2019-06-13 13:42:47.440,89,24.6,-3276.8,104,0.02,0.06,4.156,52.0,0.00616,0.00014,0.21,0.26,-0.36,-0.24,-0.92,-0.83
2019-06-13 13:42:48.440,89,24.5,-3276.8,104,0.02,0.07,4.156,47.0,0.00594,0.00016,0.21,0.27,-0.34,-0.22,-0.92,-0.81
2019-06-13 13:42:49.440,89,24.5,-3276.8,103,0.03,0.07,4.156,41.0,0.00594,0.00016,0.21,0.25,-0.38,-0.22,-0.93,-0.81
2019-06-13 13:42:50.440,89,24.4,-3276.8,104,0.02,0.04,4.156,36.0,0.00594,0.00014,0.21,0.26,-0.36,-0.25,-0.92,-0.84
2019-06-13 13:42:51.440,86,24.4,-3276.8,104,0.01,0.04,4.156,34.0,0.00594,0.00016,0.21,0.26,-0.36,-0.25,-0.92,-0.83
2019-06-13 13:42:52.440,86,24.2,-3276.8,104,0.03,0.09,4.156,31.0,0.00592,0.00016,0.21,0.27,-0.36,-0.2,-0.92,-0.8
2019-06-13 13:42:53.440,89,24.2,-3276.8,104,0.04,0.08,4.156,28.0,0.00592,0.00018,0.21,0.27,-0.38,-0.2,-0.95,-0.84
2019-06-13 13:42:54.440,92,24.0,-3276.8,104,0.03,0.08,4.156,25.0,0.00596,0.00022,0.21,0.27,-0.38,-0.2,-0.95,-0.84
2019-06-13 13:42:55.440,93,24.0,-3276.8,104,0.02,0.07,4.156,23.0,0.00596,0.00016,0.21,0.26,-0.36,-0.21,-0.92,-0.81
2019-06-13 13:42:56.440,91,23.8,-3276.8,104,0.02,0.06,4.156,22.0,0.006,0.0002,0.21,0.27,-0.32,-0.22,-0.93,-0.83
2019-06-13 13:42:57.440,93,23.8,-3276.8,104,0.03,0.06,4.155,20.0,0.006,0.0002,0.21,0.28,-0.34,-0.21,-0.93,-0.83
2019-06-13 13:42:58.440,96,23.7,-3276.8,104,0.03,0.08,4.155,19.0,0.00592,0.0002,0.21,0.27,-0.34,-0.2,-0.93,-0.81
2019-06-13 13:42:59.440,99,23.7,-3276.8,104,0.03,0.07,4.155,19.0,0.00592,0.0002,0.21,0.28,-0.33,-0.19,-0.95,-0.84
2019-06-13 13:43:00.440,97,23.6,-3276.8,104,0.03,0.06,4.155,20.0,0.00592,0.0002,0.21,0.28,-0.32,-0.19,-0.93,-0.85
2019-06-13 13:43:01.440,101,23.6,-3276.8,103,0.18,0.28,4.155,45.0,0.00592,0.0002,0.19,0.3,-0.56,-0.15,-0.93,-0.78
2019-06-13 13:43:02.440,107,23.4,-3276.8,104,0.12,0.22,4.155,52.0,0.00608,0.00024,0.18,0.25,-0.56,-0.32,-0.85,-0.75
2019-06-13 13:43:03.440,111,23.4,-3276.8,105,0.18,0.4,4.155,59.0,0.00608,0.00022,0.18,0.37,-0.38,0.07,-1.0,-0.77
2019-06-13 13:43:04.440,110,23.3,-3276.8,103,0.28,0.48,4.155,63.0,0.00618,0.00024,0.13,0.36,-0.8,-0.19,-0.96,-0.62
2019-06-13 13:43:05.440,108,23.3,-3276.8,102,0.13,0.25,4.155,61.0,0.00618,0.00024,0.19,0.26,-0.73,-0.54,-0.74,-0.62
2019-06-13 13:43:06.440,109,23.2,-3276.8,102,0.11,0.18,4.155,68.0,0.0062,0.00022,0.15,0.21,-0.75,-0.57,-0.74,-0.62
2019-06-13 13:43:07.440,111,23.2,-3276.8,101,0.07,0.16,4.155,64.0,0.0062,0.00022,0.15,0.2,-0.75,-0.61,-0.71,-0.61
2019-06-13 13:43:08.440,115,23.1,-3276.8,101,0.08,0.14,4.155,65.0,0.0062,0.0002,0.14,0.2,-0.75,-0.57,-0.69,-0.57
2019-06-13 13:43:09.440,117,23.1,-3276.8,101,0.05,0.13,4.155,59.0,0.0062,0.0002,0.12,0.2,-0.79,-0.67,-0.63,-0.57
2019-06-13 13:43:10.440,119,22.9,-3276.8,101,0.02,0.08,4.155,58.0,0.00624,0.0002,0.15,0.2,-0.8,-0.61,-0.67,-0.57
2019-06-13 13:43:11.440,117,22.9,-3276.8,101,0.01,0.04,4.155,52.0,0.00624,0.00016,0.15,0.21,-0.74,-0.65,-0.67,-0.59
2019-06-13 13:43:12.440,115,22.5,-3276.8,101,0.01,0.04,4.155,46.0,0.00636,0.00014,0.15,0.2,-0.75,-0.67,-0.67,-0.57
2019-06-13 13:43:13.440,113,22.5,-3276.8,101,0.01,0.04,4.155,42.0,0.00636,0.00016,0.15,0.2,-0.77,-0.67,-0.67,-0.57
2019-06-13 13:43:14.440,110,22.1,-3276.8,101,0.01,0.03,4.155,38.0,0.00664,0.00014,0.14,0.2,-0.74,-0.68,-0.65,-0.57
2019-06-13 13:43:15.440,108,22.1,-3276.8,101,0.02,0.03,4.155,33.0,0.00664,0.00012,0.15,0.2,-0.75,-0.67,-0.66,-0.57
2019-06-13 13:43:16.440,105,21.7,-3276.8,101,0.01,0.04,4.155,30.0,0.00668,0.00014,0.14,0.2,-0.78,-0.68,-0.63,-0.57
2019-06-13 13:43:17.440,102,21.7,-3276.8,101,0.01,0.04,4.155,28.0,0.00668,0.00014,0.15,0.2,-0.75,-0.67,-0.65,-0.57
2019-06-13 13:43:18.440,99,21.2,-3276.8,101,0.01,0.04,4.155,29.0,0.00678,0.00012,0.15,0.2,-0.75,-0.66,-0.66,-0.57
2019-06-13 13:43:19.440,96,21.2,-3276.8,101,0.01,0.03,4.155,33.0,0.00678,0.00012,0.13,0.2,-0.75,-0.68,-0.63,-0.57
2019-06-13 13:43:20.440,96,20.8,-3276.8,101,0.01,0.06,4.155,32.0,0.0068,0.00012,0.14,0.2,-0.77,-0.66,-0.62,-0.57
2019-06-13 13:43:21.440,96,20.8,-3276.8,101,0.01,0.04,4.155,30.0,0.0068,0.00016,0.14,0.2,-0.77,-0.67,-0.61,-0.57
2019-06-13 13:43:22.440,94,18.7,-3276.8,100,0.01,0.03,4.155,27.0,0.00676,0.00014,0.14,0.2,-0.77,-0.71,-0.62,-0.57
2019-06-13 13:43:23.440,92,18.7,-3276.8,100,0.01,0.03,4.155,24.0,0.00676,0.00014,0.13,0.2,-0.78,-0.69,-0.61,-0.57
2019-06-13 13:43:24.440,93,17.1,-3276.8,100,0.01,0.04,4.155,22.0,0.0068,0.00016,0.12,0.2,-0.78,-0.67,-0.61,-0.56
2019-06-13 13:43:25.440,96,17.1,-3276.8,100,0.01,0.06,4.155,20.0,0.0068,0.00016,0.12,0.2,-0.78,-0.67,-0.61,-0.57
2019-06-13 13:43:26.440,104,16.6,-3276.8,100,0.01,0.07,4.155,21.0,0.00678,0.00018,0.12,0.2,-0.78,-0.67,-0.61,-0.57
2019-06-13 13:43:27.440,112,16.6,-3276.8,100,0.01,0.03,4.155,22.0,0.00678,0.00018,0.13,0.2,-0.79,-0.69,-0.6,-0.55
2019-06-13 13:43:28.440,113,16.7,-3276.8,99,0.03,0.12,4.155,26.0,0.00672,0.00018,0.09,0.2,-0.87,-0.71,-0.6,-0.54
2019-06-13 13:43:29.440,112,16.7,-3276.8,99,0.02,0.03,4.155,30.0,0.00672,0.00018,0.1,0.2,-0.8,-0.74,-0.59,-0.55
2019-06-13 13:43:30.440,110,16.9,-3276.8,96,0.19,0.57,4.155,70.0,0.00668,0.00024,-0.32,0.21,-1.0,-0.57,-1.04,-0.57
2019-06-13 13:43:31.440,114,16.9,-3276.8,94,0.55,1.22,4.155,92.0,0.00668,0.00026,-0.44,0.32,-0.86,0.06,-1.89,0.0
2019-06-13 13:43:32.440,119,17.0,-3276.8,97,0.43,0.86,4.155,104.0,0.00666,0.00034,-0.53,0.95,-0.87,0.13,-1.34,-0.04
2019-06-13 13:43:33.440,125,17.0,-3276.8,99,0.6,1.28,4.155,105.0,0.00666,0.00044,-0.91,1.19,-1.27,0.37,-1.5,0.07
2019-06-13 13:43:34.440,133,17.1,-3276.8,86,0.85,1.98,4.155,121.0,0.0066,0.0005,-1.75,1.13,-1.09,0.24,-2.72,0.5
2019-06-13 13:43:35.440,141,17.1,-3276.8,91,0.28,0.75,4.155,123.0,0.0066,0.0005,-0.74,0.63,-0.6,0.09,-1.25,-0.39
2019-06-13 13:43:36.440,152,17.2,-3276.8,96,0.2,0.38,4.155,109.0,0.00626,0.0005,-0.01,0.38,-0.69,-0.19,-1.1,-0.53
2019-06-13 13:43:37.440,181,17.2,-3276.8,98,0.09,0.24,4.155,103.0,0.00626,0.0005,0.04,0.3,-0.55,-0.3,-0.97,-0.73
2019-06-13 13:43:38.440,195,17.4,-3276.8,96,0.08,0.14,4.155,102.0,0.00594,0.0005,0.01,0.21,-0.53,-0.32,-0.95,-0.74
2019-06-13 13:43:39.440,196,17.4,-3276.8,93,0.09,0.16,4.155,109.0,0.00594,0.0005,-0.06,0.16,-0.57,-0.28,-0.93,-0.77
2019-06-13 13:43:40.440,191,17.5,-3276.8,91,0.06,0.14,4.155,106.0,0.00632,0.00046,-0.09,0.02,-0.54,-0.39,-0.92,-0.78
2019-06-13 13:43:41.440,184,17.5,-3276.8,90,0.05,0.15,4.155,95.0,0.00632,0.0004,-0.12,0.01,-0.55,-0.38,-0.92,-0.78
2019-06-13 13:43:42.440,178,17.7,-3276.8,89,0.04,0.08,4.155,89.0,0.00666,0.00034,-0.07,0.02,-0.48,-0.34,-0.95,-0.79
2019-06-13 13:43:43.440,166,17.7,-3276.8,89,0.03,0.07,4.155,81.0,0.00666,0.0003,-0.04,0.02,-0.44,-0.34,-0.93,-0.79
2019-06-13 13:43:44.440,158,17.8,-3276.8,89,0.06,0.12,4.155,72.0,0.00702,0.0003,-0.07,0.01,-0.53,-0.36,-0.97,-0.78
2019-06-13 13:43:45.440,156,17.8,-3276.8,89,0.04,0.12,4.155,67.0,0.00702,0.00026,-0.12,0.03,-0.54,-0.37,-0.95,-0.74
2019-06-13 13:43:46.440,152,17.9,-3276.8,89,0.04,0.08,4.155,62.0,0.00724,0.00022,-0.03,0.04,-0.46,-0.36,-0.95,-0.78
2019-06-13 13:43:47.440,148,17.9,-3276.8,91,0.05,0.1,4.155,69.0,0.00724,0.00022,0.0,0.08,-0.39,-0.3,-0.97,-0.81
2019-06-13 13:43:48.440,145,18.1,-3276.8,91,0.04,0.09,4.155,65.0,0.00736,0.00022,0.02,0.1,-0.4,-0.3,-0.96,-0.81
2019-06-13 13:43:49.440,142,18.1,-3276.8,93,0.05,0.12,4.155,61.0,0.00736,0.00018,0.0,0.16,-0.4,-0.27,-0.95,-0.83
2019-06-13 13:43:50.440,138,18.2,-3276.8,94,0.07,0.12,4.155,58.0,0.00728,0.00018,0.04,0.16,-0.4,-0.22,-0.95,-0.79
2019-06-13 13:43:51.440,135,18.2,-3276.8,94,0.05,0.1,4.155,56.0,0.00728,0.00016,0.02,0.15,-0.34,-0.2,-0.97,-0.9
2019-06-13 13:43:52.440,132,18.4,-3276.8,96,0.06,0.12,4.155,59.0,0.00718,0.00018,0.02,0.2,-0.37,-0.22,-0.96,-0.81
2019-06-13 13:43:53.440,129,18.4,-3276.8,96,0.06,0.12,4.155,60.0,0.00718,0.00016,0.04,0.2,-0.38,-0.22,-0.97,-0.8
2019-06-13 13:43:54.440,126,18.6,-3276.8,96,0.04,0.08,4.155,54.0,0.00704,0.00018,0.06,0.19,-0.38,-0.31,-0.95,-0.83
2019-06-13 13:43:55.440,126,18.6,-3276.8,96,0.04,0.15,4.154,47.0,0.00704,0.00018,0.04,0.18,-0.57,-0.33,-0.95,-0.84
2019-06-13 13:43:56.440,125,18.8,-3276.8,94,0.04,0.07,4.154,42.0,0.00702,0.00016,0.02,0.14,-0.4,-0.34,-0.95,-0.83
2019-06-13 13:43:57.440,122,18.8,-3276.8,94,0.04,0.1,4.153,37.0,0.00702,0.00016,0.02,0.15,-0.39,-0.3,-0.95,-0.78
2019-06-13 13:43:58.440,120,19.0,-3276.8,93,0.05,0.13,4.153,39.0,0.00692,0.00016,0.01,0.09,-0.39,-0.22,-0.97,-0.84
2019-06-13 13:43:59.440,122,19.0,-3276.8,94,0.08,0.15,4.153,38.0,0.00692,0.0002,0.02,0.21,-0.37,-0.2,-0.98,-0.86
2019-06-13 13:44:00.440,126,19.1,-3276.8,96,0.14,0.38,4.153,42.0,0.00692,0.0002,-0.18,0.27,-0.36,0.08,-1.25,-0.62
2019-06-13 13:44:01.440,128,19.1,-3276.8,97,0.07,0.12,4.153,45.0,0.00692,0.0002,0.06,0.2,-0.38,-0.16,-0.97,-0.86
2019-06-13 13:44:02.440,128,19.2,-3276.8,96,0.09,0.15,4.153,51.0,0.00682,0.0002,-0.02,0.13,-0.44,-0.2,-0.97,-0.77
2019-06-13 13:44:03.440,126,19.2,-3276.8,93,0.17,0.33,4.153,53.0,0.00682,0.0002,-0.26,0.2,-0.57,-0.34,-0.98,-0.68
2019-06-13 13:44:04.440,125,19.3,-3276.8,91,0.13,0.26,4.153,54.0,0.00682,0.0002,-0.16,0.16,-0.59,-0.24,-1.15,-0.68
2019-06-13 13:44:05.440,126,19.3,-3276.8,92,0.11,0.19,4.153,48.0,0.00682,0.00034,-0.06,0.19,-0.54,-0.19,-1.09,-0.77
2019-06-13 13:44:06.440,129,19.4,-3276.8,92,0.11,0.16,4.153,45.0,0.00676,0.0003,-0.02,0.09,-0.34,-0.18,-1.02,-0.81
2019-06-13 13:44:07.440,125,19.4,-3276.8,91,0.07,0.18,4.153,44.0,0.00676,0.00024,-0.14,0.19,-0.37,-0.18,-1.02,-0.84
2019-06-13 13:44:08.440,121,19.5,-3276.8,91,0.08,0.22,4.153,43.0,0.00684,0.00024,-0.15,0.13,-0.37,-0.2,-1.0,-0.73
2019-06-13 13:44:09.440,117,19.5,-3276.8,91,0.05,0.13,4.153,43.0,0.00684,0.0002,-0.04,0.15,-0.39,-0.19,-1.0,-0.84
2019-06-13 13:44:10.440,112,19.6,-3276.8,93,0.11,0.24,4.153,39.0,0.00676,0.00022,-0.14,0.2,-0.49,-0.18,-1.15,-0.75
2019-06-13 13:44:11.440,114,19.6,-3276.8,94,0.1,0.18,4.153,38.0,0.00676,0.0002,-0.04,0.2,-0.43,-0.18,-1.07,-0.78
2019-06-13 13:44:12.440,120,19.6,-3276.8,93,0.09,0.2,4.153,43.0,0.00656,0.00022,-0.15,0.19,-0.4,-0.19,-1.04,-0.78
2019-06-13 13:44:13.440,123,19.6,-3276.8,93,0.07,0.18,4.153,43.0,0.00656,0.00022,-0.06,0.14,-0.43,-0.19,-1.12,-0.78
2019-06-13 13:44:14.440,127,19.7,-3276.8,91,0.35,2.48,4.153,53.0,0.00648,0.00026,-0.25,2.15,-1.01,0.13,-2.85,0.89
2019-06-13 13:44:15.440,135,19.7,-3276.8,98,1.24,4.46,4.153,80.0,0.00648,0.00026,-1.09,4.51,-2.3,0.34,-2.86,0.59
2019-06-13 13:44:16.440,142,19.7,-3276.8,99,0.45,1.06,4.153,85.0,0.0065,0.00028,-0.12,0.6,-1.04,0.04,-1.63,0.16
2019-06-13 13:44:17.440,155,19.7,-3276.8,97,0.33,0.78,4.153,79.0,0.0065,0.0003,-0.24,0.65,-1.16,0.03,-1.21,-0.38
2019-06-13 13:44:18.440,176,19.7,-3276.8,100,0.46,0.98,4.153,104.0,0.00628,0.00032,-0.38,1.01,-1.26,-0.07,-1.39,0.03
2019-06-13 13:44:19.440,188,19.7,-3276.8,96,0.38,1.06,4.153,116.0,0.00628,0.00034,-0.92,0.48,-0.77,0.0,-1.78,-0.12
2019-06-13 13:44:20.440,195,19.8,-3276.8,91,0.58,2.1,4.153,130.0,0.0063,0.00036,-0.95,0.75,-1.14,0.02,-2.92,0.02
2019-06-13 13:44:21.440,197,19.8,-3276.8,85,0.29,0.49,4.153,123.0,0.0063,0.00038,-0.51,0.15,-0.75,-0.12,-1.33,-0.42
2019-06-13 13:44:22.440,198,19.9,-3276.8,84,0.22,0.48,4.153,122.0,0.0064,0.00042,-0.36,0.27,-0.6,-0.06,-1.26,-0.57
2019-06-13 13:44:23.440,196,19.9,-3276.8,84,0.18,0.38,4.153,115.0,0.0064,0.00042,-0.31,0.01,-0.74,-0.14,-1.08,-0.59
2019-06-13 13:44:24.440,192,20.1,-3276.8,86,0.1,0.2,4.153,107.0,0.00622,0.00038,-0.15,0.13,-0.56,-0.3,-0.96,-0.74
2019-06-13 13:44:25.440,184,20.1,-3276.8,86,0.08,0.19,4.153,104.0,0.00622,0.00034,-0.18,0.01,-0.62,-0.3,-0.96,-0.72
2019-06-13 13:44:26.440,177,20.3,-3276.8,84,0.14,0.25,4.153,94.0,0.00662,0.00032,-0.22,0.01,-0.53,-0.2,-1.09,-0.71
2019-06-13 13:44:27.440,169,20.3,-3276.8,82,0.12,0.61,4.153,84.0,0.00662,0.0003,-0.63,0.13,-0.89,-0.14,-1.32,-0.57
2019-06-13 13:44:28.440,160,20.4,-3276.8,83,0.38,0.83,4.153,85.0,0.0069,0.00032,-0.33,0.22,-1.25,-0.03,-1.15,-0.31
2019-06-13 13:44:29.440,152,20.4,-3276.8,86,0.29,0.67,4.153,95.0,0.0069,0.00032,-0.3,0.49,-0.73,0.08,-1.31,-0.42
2019-06-13 13:44:30.440,152,20.6,-3276.8,89,0.33,0.57,4.153,109.0,0.0071,0.00034,-0.25,0.3,-0.56,0.13,-1.33,-0.56
2019-06-13 13:44:31.440,157,20.6,-3276.8,91,0.38,0.78,4.153,129.0,0.0071,0.00036,-0.25,0.71,-1.09,-0.08,-1.28,-0.38
2019-06-13 13:44:32.440,157,20.7,-3276.8,102,0.43,0.95,4.153,135.0,0.00688,0.00036,-0.18,1.09,-0.56,0.13,-1.3,-0.46
2019-06-13 13:44:33.440,154,20.7,-3276.8,97,0.24,0.46,4.153,152.0,0.00688,0.00032,-0.19,0.39,-0.38,-0.08,-1.31,-0.74
2019-06-13 13:44:34.440,146,20.8,-3276.8,96,0.18,0.51,4.153,156.0,0.00684,0.00034,-0.21,0.45,-0.65,0.1,-1.22,-0.53
2019-06-13 13:44:35.440,143,20.8,-3276.8,91,0.34,0.51,4.153,146.0,0.00684,0.00034,-0.21,0.45,-0.65,0.1,-1.22,-0.53
2019-06-13 13:44:36.440,146,20.8,-3276.8,90,0.34,0.67,4.153,147.0,0.0071,0.00036,-0.59,0.68,-0.89,0.06,-1.42,-0.25
2019-06-13 13:44:37.440,149,20.8,-3276.8,86,0.45,0.86,4.153,142.0,0.0071,0.00042,-0.31,0.6,-0.9,-0.21,-1.45,-0.28
2019-06-13 13:44:38.440,153,20.8,-3276.8,81,0.51,1.49,4.153,136.0,0.00734,0.0004,-0.75,0.45,-1.1,0.02,-2.36,-0.2
2019-06-13 13:44:39.440,157,20.8,-3276.8,65,0.42,0.69,4.153,132.0,0.00734,0.00038,-0.84,0.3,-0.38,-0.12,-1.27,-0.38
2019-06-13 13:44:40.440,155,20.8,-3276.8,74,0.4,0.95,4.153,141.0,0.00714,0.00034,-0.97,0.39,-0.77,0.08,-1.28,-0.32
2019-06-13 13:44:41.440,158,20.8,-3276.8,82,0.38,0.61,4.153,135.0,0.00714,0.00038,-0.37,0.2,-0.73,0.0,-1.3,-0.4
2019-06-13 13:44:42.440,164,20.9,-3276.8,87,0.4,0.63,4.153,150.0,0.0072,0.00038,-0.45,0.36,-0.74,0.22,-1.28,-0.5
2019-06-13 13:44:43.440,170,20.9,-3276.8,97,0.43,0.83,4.153,153.0,0.0072,0.0004,-0.27,0.66,-1.13,-0.22,-1.33,-0.15
2019-06-13 13:44:44.440,167,21.1,-3276.8,100,0.46,0.95,4.153,157.0,0.00712,0.0004,-0.28,0.93,-1.19,0.04,-1.51,-0.16
2019-06-13 13:44:45.440,163,21.1,-3276.8,99,0.24,0.75,4.153,153.0,0.00712,0.00038,-0.15,0.39,-1.01,0.16,-1.33,-0.31
2019-06-13 13:44:46.440,161,21.7,-3276.8,98,0.31,0.5,4.153,141.0,0.00706,0.00038,-0.15,0.49,-0.71,-0.08,-1.27,-0.44
2019-06-13 13:44:47.440,154,21.7,-3276.8,98,0.33,0.78,4.153,127.0,0.00706,0.00038,-0.3,0.85,-0.68,-0.04,-1.48,-0.37
2019-06-13 13:44:48.440,147,22.2,-3276.8,96,0.18,0.69,4.153,148.0,0.00712,0.00034,-0.28,0.66,-0.65,0.14,-1.32,-0.6
2019-06-13 13:44:49.440,139,22.2,-3276.8,91,0.14,0.3,4.153,137.0,0.00712,0.0003,-0.16,0.19,-0.39,0.01,-1.07,-0.78
2019-06-13 13:44:50.440,133,22.5,-3276.8,89,0.31,0.45,4.153,126.0,0.00724,0.00032,-0.37,0.25,-0.61,0.12,-1.33,-0.63
2019-06-13 13:44:51.440,135,22.5,-3276.8,85,0.49,0.66,4.153,115.0,0.00724,0.00034,-0.61,0.26,-0.44,0.09,-1.38,-0.44
2019-06-13 13:44:52.440,139,22.9,-3276.8,91,0.29,1.86,4.153,104.0,0.00718,0.00032,-0.39,0.75,-0.91,0.02,-2.71,-0.12
2019-06-13 13:44:53.440,149,22.9,-3276.8,92,0.2,0.53,4.153,94.0,0.00718,0.00036,-0.16,0.45,-0.46,0.04,-1.22,-0.72
2019-06-13 13:44:54.440,153,23.3,-3276.8,91,0.25,0.44,4.153,86.0,0.00736,0.00032,-0.16,0.46,-0.56,-0.12,-1.27,-0.57
2019-06-13 13:44:55.440,157,23.3,-3276.8,90,0.49,0.69,4.152,85.0,0.00736,0.00034,-0.45,0.42,-0.9,0.08,-1.18,-0.2
2019-06-13 13:44:56.440,166,23.6,-3276.8,92,0.6,1.04,4.152,81.0,0.00714,0.00038,-0.61,0.78,-1.01,0.15,-1.68,0.1
2019-06-13 13:44:57.440,173,23.6,-3276.8,91,0.6,1.2,4.151,74.0,0.00714,0.00036,-0.65,1.13,-0.9,0.15,-1.84,-0.03
2019-06-13 13:44:58.440,176,23.9,-3276.8,91,0.26,0.93,4.151,75.0,0.0072,0.0004,-0.46,0.87,-0.79,-0.04,-1.49,-0.2
2019-06-13 13:44:59.440,174,23.9,-3276.8,89,0.15,0.45,4.151,85.0,0.0072,0.00038,-0.21,0.25,-0.59,-0.22,-1.21,-0.43
2019-06-13 13:45:00.440,170,24.2,-3276.8,86,0.13,0.18,4.151,92.0,0.00734,0.00038,-0.16,0.0,-0.38,-0.21,-1.01,-0.73
2019-06-13 13:45:01.440,160,24.2,-3276.8,85,0.13,0.26,4.151,96.0,0.00734,0.00032,-0.18,0.08,-0.37,-0.04,-1.0,-0.84
2019-06-13 13:45:02.440,154,24.5,-3276.8,87,0.11,0.25,4.151,92.0,0.00724,0.00028,-0.15,0.06,-0.2,-0.02,-1.09,-0.84
2019-06-13 13:45:03.440,153,24.5,-3276.8,87,0.09,0.15,4.151,81.0,0.00724,0.0003,-0.15,0.04,-0.32,-0.03,-1.02,-0.81
2019-06-13 13:45:04.440,147,24.7,-3276.8,89,0.22,0.57,4.151,83.0,0.00726,0.0003,-0.14,0.12,-0.85,-0.1,-1.15,-0.57
2019-06-13 13:45:05.440,144,24.7,-3276.8,89,0.14,0.3,4.151,102.0,0.00726,0.00028,-0.14,0.18,-0.56,-0.22,-1.1,-0.61
2019-06-13 13:45:06.440,138,24.9,-3276.8,87,0.24,0.51,4.151,103.0,0.00808,0.00026,-0.48,0.25,-0.63,-0.16,-1.31,-0.34
2019-06-13 13:45:07.440,134,24.9,-3276.8,89,0.19,0.44,4.151,97.0,0.00808,0.00022,-0.42,0.24,-0.72,-0.14,-1.16,-0.71
2019-06-13 13:45:08.440,131,25.0,-3276.8,87,0.29,0.62,4.151,88.0,0.008,0.00024,-0.3,0.2,-0.83,-0.13,-1.22,-0.4
2019-06-13 13:45:09.440,129,25.0,-3276.8,91,0.15,0.66,4.151,90.0,0.008,0.00022,-0.36,0.26,-0.77,-0.24,-1.5,-0.37
2019-06-13 13:45:10.440,126,25.1,-3276.8,87,0.23,0.39,4.151,84.0,0.00802,0.0002,-0.25,0.36,-0.56,-0.31,-1.02,-0.59
2019-06-13 13:45:11.440,124,25.1,-3276.8,72,0.42,0.85,4.151,91.0,0.00802,0.00018,-0.9,-0.09,-0.59,-0.1,-0.93,-0.56
2019-06-13 13:45:12.440,120,25.1,-3276.8,65,0.2,0.42,4.151,98.0,0.00778,0.00018,-0.74,-0.26,-0.39,-0.12,-0.97,-0.54
2019-06-13 13:45:13.440,117,25.1,-3276.8,79,0.42,0.98,4.151,98.0,0.00778,0.00022,-0.63,0.63,-0.57,-0.02,-1.19,-0.57
2019-06-13 13:45:14.440,117,25.2,-3276.8,84,0.2,0.49,4.151,95.0,0.00728,0.00018,-0.26,0.26,-0.59,-0.15,-1.31,-0.6
2019-06-13 13:45:15.440,114,25.2,-3276.8,87,0.2,0.45,4.151,89.0,0.00728,0.00018,-0.16,0.36,-0.59,-0.08,-1.18,-0.62
2019-06-13 13:45:16.440,117,25.2,-3276.8,89,0.26,0.5,4.151,85.0,0.00658,0.00022,-0.19,0.34,-0.84,-0.12,-1.2,-0.38
2019-06-13 13:45:17.440,122,25.2,-3276.8,89,0.18,0.32,4.151,84.0,0.00658,0.00022,-0.16,0.22,-0.61,-0.12,-1.12,-0.67
2019-06-13 13:45:18.440,122,25.2,-3276.8,91,0.32,0.56,4.151,77.0,0.00698,0.00024,-0.24,0.34,-0.83,-0.09,-1.28,-0.25
2019-06-13 13:45:19.440,126,25.2,-3276.8,90,0.38,0.57,4.151,84.0,0.00698,0.00024,-0.32,0.45,-0.81,0.04,-1.34,-0.3
2019-06-13 13:45:20.440,133,25.2,-3276.8,91,0.25,0.79,4.151,80.0,0.00708,0.00026,-0.5,0.51,-0.77,0.22,-1.5,-0.44
2019-06-13 13:45:21.440,139,25.2,-3276.8,93,0.25,0.6,4.151,90.0,0.00708,0.00024,-0.34,0.45,-0.89,-0.19,-1.37,-0.37
2019-06-13 13:45:22.440,137,25.2,-3276.8,92,0.11,0.26,4.151,90.0,0.00714,0.00024,-0.19,0.3,-0.59,-0.31,-1.0,-0.62
2019-06-13 13:45:23.440,132,25.2,-3276.8,91,0.16,0.34,4.151,91.0,0.00714,0.00024,-0.28,0.18,-0.55,-0.19,-1.02,-0.57
2019-06-13 13:45:24.440,132,25.3,-3276.8,95,0.37,0.62,4.151,109.0,0.007,0.00028,-0.2,0.59,-0.93,-0.15,-1.33,-0.31
2019-06-13 13:45:25.440,137,25.3,-3276.8,92,0.35,0.79,4.151,113.0,0.007,0.0003,-0.54,0.55,-0.65,0.12,-1.56,-0.21
2019-06-13 13:45:26.440,144,25.2,-3276.8,94,0.25,0.49,4.151,119.0,0.00718,0.00034,-0.31,0.36,-0.67,0.07,-1.31,-0.39
2019-06-13 13:45:27.440,152,25.2,-3276.8,96,0.32,0.51,4.151,109.0,0.00718,0.00038,-0.37,0.56,-0.77,0.0,-1.31,-0.39
2019-06-13 13:45:28.440,167,25.1,-3276.8,93,0.38,0.83,4.151,100.0,0.00704,0.0004,-0.34,0.62,-0.81,-0.01,-1.63,-0.28
2019-06-13 13:45:29.440,172,25.1,-3276.8,90,0.26,0.57,4.151,89.0,0.00704,0.0004,-0.36,0.36,-0.77,-0.01,-1.4,-0.44
2019-06-13 13:45:30.440,179,25.0,-3276.8,97,0.54,2.45,4.151,94.0,0.00712,0.00046,-0.43,2.72,-1.48,-0.03,-1.86,0.13
2019-06-13 13:45:31.440,189,25.0,-3276.8,96,0.48,1.21,4.151,115.0,0.00712,0.00046,-0.38,1.32,-1.01,0.06,-1.92,-0.24
2019-06-13 13:45:32.440,200,24.9,-3276.8,97,0.45,1.19,4.151,106.0,0.00732,0.00048,-0.75,1.08,-0.98,-0.02,-1.68,-0.1
2019-06-13 13:45:33.440,203,24.9,-3276.8,97,0.48,1.26,4.151,100.0,0.00732,0.00046,-0.87,1.21,-0.91,0.09,-1.79,-0.22
2019-06-13 13:45:34.440,196,24.8,-3276.8,102,0.56,1.55,4.151,95.0,0.00714,0.00048,-0.65,1.72,-0.87,0.19,-1.77,0.04
2019-06-13 13:45:35.440,187,24.8,-3276.8,104,0.2,0.51,4.151,98.0,0.00714,0.00042,0.16,0.46,-0.59,0.07,-1.33,-0.55
2019-06-13 13:45:36.440,180,24.6,-3276.8,98,0.3,0.68,4.151,95.0,0.00702,0.00038,-0.48,0.42,-0.75,-0.02,-1.18,-0.46
2019-06-13 13:45:37.440,173,24.6,-3276.8,93,0.27,0.57,4.151,119.0,0.00702,0.00036,-0.46,0.2,-0.71,-0.06,-1.16,-0.49
2019-06-13 13:45:38.440,169,24.4,-3276.8,92,0.5,0.92,4.151,112.0,0.0072,0.00036,-0.74,1.02,-0.98,0.1,-1.61,-0.12
2019-06-13 13:45:39.440,172,24.4,-3276.8,92,0.33,0.73,4.151,102.0,0.0072,0.00036,-0.57,0.8,-0.8,-0.03,-1.42,-0.4
2019-06-13 13:45:40.440,184,24.1,-3276.8,93,0.37,0.86,4.151,93.0,0.00704,0.00038,-0.59,0.92,-1.1,0.08,-1.4,-0.36
2019-06-13 13:45:41.440,187,24.1,-3276.8,94,0.5,0.91,4.151,83.0,0.00704,0.0004,-0.67,0.83,-1.14,0.0,-1.57,-0.21
2019-06-13 13:45:42.440,188,23.9,-3276.8,100,0.38,0.97,4.151,84.0,0.0071,0.00044,-0.34,1.04,-0.69,-0.09,-1.71,-0.3
2019-06-13 13:45:43.440,195,23.9,-3276.8,101,0.32,0.86,4.151,94.0,0.0071,0.00048,-0.24,1.19,-0.9,-0.22,-1.28,-0.22
2019-06-13 13:45:44.440,204,23.7,-3276.8,93,0.34,1.01,4.151,107.0,0.00702,0.00052,-0.75,0.22,-1.0,-0.22,-1.1,-0.39
2019-06-13 13:45:45.440,213,23.7,-3276.8,90,0.23,0.44,4.151,103.0,0.00702,0.00056,-0.3,0.28,-0.67,-0.2,-1.15,-0.38
2019-06-13 13:45:46.440,215,23.5,-3276.8,96,0.27,0.74,4.151,115.0,0.00664,0.00058,-0.15,0.8,-0.68,-0.1,-1.16,-0.49
2019-06-13 13:45:47.440,209,23.5,-3276.8,102,0.2,0.44,4.151,129.0,0.00664,0.00056,0.04,0.55,-0.6,-0.15,-1.19,-0.57
2019-06-13 13:45:48.440,200,23.4,-3276.8,101,0.14,0.56,4.151,122.0,0.00662,0.00058,-0.34,0.3,-0.75,-0.25,-1.13,-0.57
2019-06-13 13:45:49.440,195,23.4,-3276.8,96,0.52,1.02,4.151,124.0,0.00662,0.00056,-0.65,1.08,-0.92,0.18,-1.6,0.1
2019-06-13 13:45:50.440,198,23.3,-3276.8,94,0.61,1.15,4.151,116.0,0.00662,0.00052,-0.51,0.81,-0.87,0.34,-1.97,0.22
2019-06-13 13:45:51.440,200,23.3,-3276.8,98,0.44,1.06,4.151,112.0,0.00662,0.0005,-0.55,0.98,-0.89,-0.07,-1.44,-0.15
2019-06-13 13:45:52.440,196,23.1,-3276.8,95,0.26,0.61,4.151,109.0,0.0072,0.00048,-0.46,0.55,-0.73,-0.13,-1.24,-0.55
2019-06-13 13:45:53.440,191,23.1,-3276.8,93,0.28,0.61,4.151,102.0,0.0072,0.00044,-0.33,0.61,-0.78,-0.1,-1.3,-0.44
2019-06-13 13:45:54.440,186,22.9,-3276.8,94,0.39,0.84,4.151,97.0,0.00716,0.0004,-0.49,0.65,-0.79,0.0,-1.45,0.01
2019-06-13 13:45:55.440,183,22.9,-3276.8,94,0.62,1.37,4.151,104.0,0.00716,0.00042,-1.08,1.04,-1.15,0.27,-1.71,0.33
2019-06-13 13:45:56.440,185,22.7,-3276.8,93,0.59,0.98,4.151,112.0,0.007,0.00042,-0.61,1.02,-1.19,0.04,-1.62,-0.24
2019-06-13 13:45:57.440,197,22.7,-3276.8,93,0.4,0.86,4.151,112.0,0.007,0.00046,-0.71,0.66,-0.92,-0.04,-1.45,-0.34
2019-06-13 13:45:58.440,205,22.5,-3276.8,93,0.4,0.8,4.151,108.0,0.00638,0.00046,-0.62,1.0,-0.93,-0.06,-1.36,-0.46
2019-06-13 13:45:59.440,203,22.5,-3276.8,94,0.28,0.45,4.151,101.0,0.00638,0.00046,-0.34,0.54,-0.74,-0.16,-1.14,-0.44
2019-06-13 13:46:00.440,198,22.3,-3276.8,94,0.33,0.87,4.151,95.0,0.00656,0.00044,-0.51,0.97,-1.19,-0.01,-1.34,-0.57
2019-06-13 13:46:01.440,199,22.3,-3276.8,97,0.45,1.07,4.151,90.0,0.00656,0.00042,-0.39,0.86,-0.83,-0.1,-1.65,-0.31
2019-06-13 13:46:02.440,197,21.9,-3276.8,96,0.32,0.56,4.151,86.0,0.00692,0.00044,-0.45,0.55,-0.69,0.03,-1.43,-0.5
2019-06-13 13:46:03.440,197,21.9,-3276.8,93,0.21,0.45,4.151,84.0,0.00692,0.00046,-0.33,0.38,-0.6,-0.02,-1.25,-0.63
2019-06-13 13:46:04.440,193,21.6,-3276.8,91,0.27,0.59,4.151,76.0,0.00702,0.00044,-0.54,0.65,-0.81,-0.08,-1.32,-0.56
2019-06-13 13:46:05.440,186,21.6,-3276.8,91,0.32,0.6,4.151,70.0,0.00702,0.00042,-0.37,0.57,-0.78,0.02,-1.36,-0.48
2019-06-13 13:46:06.440,180,21.3,-3276.8,92,0.3,0.65,4.151,64.0,0.0072,0.0004,-0.39,0.42,-0.56,0.1,-1.45,-0.2
2019-06-13 13:46:07.440,173,21.3,-3276.8,95,0.37,0.79,4.151,61.0,0.0072,0.0004,-0.34,0.67,-0.73,0.28,-1.73,-0.19
2019-06-13 13:46:08.440,167,21.2,-3276.8,97,0.38,0.63,4.151,86.0,0.00726,0.00042,-0.26,0.63,-0.71,0.04,-1.38,-0.24
2019-06-13 13:46:09.440,162,21.2,-3276.8,93,0.31,0.62,4.151,83.0,0.00726,0.0004,-0.43,0.37,-1.03,-0.16,-1.14,-0.4
2019-06-13 13:46:10.440,164,21.2,-3276.8,94,0.4,1.4,4.151,93.0,0.00708,0.00042,-0.74,1.26,-0.81,0.02,-1.93,0.28
2019-06-13 13:46:11.440,168,21.2,-3276.8,96,0.7,1.13,4.151,100.0,0.00708,0.0004,-0.6,1.27,-0.95,0.1,-1.86,-0.03
2019-06-13 13:46:12.440,180,21.3,-3276.8,92,0.61,1.01,4.151,102.0,0.00716,0.00038,-0.74,1.04,-0.75,0.26,-1.72,0.03
2019-06-13 13:46:13.440,182,21.3,-3276.8,92,0.36,0.61,4.151,96.0,0.00716,0.00032,-0.3,0.71,-0.57,-0.14,-1.19,-0.56
2019-06-13 13:46:14.440,181,21.3,-3276.8,89,0.25,0.54,4.151,99.0,0.00754,0.00028,-0.45,0.4,-0.72,-0.22,-1.31,-0.45
2019-06-13 13:46:15.440,179,21.3,-3276.8,91,0.23,0.48,4.151,93.0,0.00754,0.00028,-0.32,0.4,-0.79,-0.2,-1.28,-0.45
2019-06-13 13:46:16.440,176,21.3,-3276.8,88,0.28,0.48,4.151,102.0,0.0074,0.00024,-0.32,0.4,-0.79,-0.2,-1.28,-0.45
2019-06-13 13:46:17.440,168,21.3,-3276.8,69,0.46,0.67,4.151,147.0,0.0074,0.00024,-0.65,0.26,-0.56,-0.24,-1.14,-0.27
2019-06-13 13:46:18.440,155,21.2,-3276.8,72,0.35,0.54,4.151,188.0,0.00716,0.00026,-0.86,-0.32,-0.44,-0.16,-0.89,-0.55
2019-06-13 13:46:19.440,154,21.2,-3276.8,81,0.56,0.85,4.151,173.0,0.00716,0.0003,-0.54,0.4,-0.81,0.13,-1.32,-0.4
2019-06-13 13:46:20.440,158,21.1,-3276.8,86,0.67,1.54,4.151,158.0,0.00704,0.0003,-1.08,1.65,-1.5,0.83,-1.83,0.03
2019-06-13 13:46:21.440,164,21.1,-3276.8,89,0.55,1.4,4.151,145.0,0.00704,0.0003,-0.48,1.21,-1.0,0.26,-1.59,-0.15
2019-06-13 13:46:22.440,166,20.9,-3276.8,90,0.68,1.08,4.151,137.0,0.00702,0.0003,-0.83,0.95,-1.08,0.27,-1.66,0.04
2019-06-13 13:46:23.440,165,20.9,-3276.8,90,0.73,1.1,4.151,124.0,0.00702,0.00028,-0.83,0.93,-1.08,0.15,-1.85,0.04
2019-06-13 13:46:24.440,160,20.9,-3276.8,92,0.8,1.28,4.151,113.0,0.00714,0.00026,-0.86,1.13,-0.92,0.44,-1.84,0.34
2019-06-13 13:46:25.440,147,20.9,-3276.8,93,0.41,1.45,4.151,100.0,0.00714,0.00024,-0.73,1.55,-0.92,0.1,-1.95,0.25
2019-06-13 13:46:26.440,143,21.1,-3276.8,90,0.1,0.46,4.151,106.0,0.00718,0.00022,-0.19,0.38,-0.56,0.14,-1.34,-0.59
2019-06-13 13:46:27.440,139,21.1,-3276.8,87,0.12,0.16,4.151,98.0,0.00718,0.00022,-0.16,0.01,-0.39,-0.21,-0.98,-0.79
2019-06-13 13:46:28.440,136,21.4,-3276.8,84,0.1,0.18,4.151,90.0,0.0072,0.0002,-0.18,-0.01,-0.42,-0.18,-1.1,-0.78
2019-06-13 13:46:29.440,132,21.4,-3276.8,83,0.05,0.1,4.151,82.0,0.0072,0.00018,-0.18,-0.13,-0.3,-0.2,-0.96,-0.89
2019-06-13 13:46:30.440,127,21.7,-3276.8,81,0.1,0.1,4.151,80.0,0.00708,0.0002,-0.19,0.02,-0.31,-0.19,-0.96,-0.87
2019-06-13 13:46:31.440,129,21.7,-3276.8,84,0.29,0.51,4.151,77.0,0.00708,0.00024,-0.43,0.36,-0.69,0.13,-1.39,-0.67
2019-06-13 13:46:32.440,133,22.0,-3276.8,77,0.38,0.67,4.151,82.0,0.00694,0.00028,-0.83,0.19,-0.63,-0.01,-1.32,-0.48
2019-06-13 13:46:33.440,140,22.0,-3276.8,82,0.46,1.36,4.151,87.0,0.00694,0.0003,-1.03,1.25,-0.84,0.12,-1.63,-0.04
2019-06-13 13:46:34.440,147,22.1,-3276.8,84,0.36,0.75,4.151,82.0,0.00726,0.00032,-0.6,0.33,-0.77,0.02,-1.33,-0.19
2019-06-13 13:46:35.440,157,22.1,-3276.8,87,0.38,0.61,4.151,93.0,0.00726,0.00036,-0.54,0.33,-0.91,-0.13,-1.34,-0.34
2019-06-13 13:46:36.440,175,22.3,-3276.8,75,0.39,0.73,4.151,87.0,0.00728,0.00032,-0.72,0.69,-0.98,0.03,-1.28,-0.31
2019-06-13 13:46:37.440,179,22.3,-3276.8,62,0.36,0.78,4.151,122.0,0.00728,0.00026,-0.95,-0.4,-0.33,0.18,-0.97,-0.39
2019-06-13 13:46:38.440,179,22.4,-3276.8,55,0.19,0.4,4.151,124.0,0.0073,0.00024,-0.83,-0.49,-0.42,-0.01,-0.73,-0.39
2019-06-13 13:46:39.440,176,22.4,-3276.8,50,0.14,0.21,4.151,118.0,0.0073,0.00024,-0.74,-0.39,-0.4,-0.08,-0.92,-0.55
2019-06-13 13:46:40.440,170,22.4,-3276.8,47,0.09,0.18,4.151,111.0,0.00718,0.0002,-0.73,-0.59,-0.2,-0.12,-0.71,-0.57
2019-06-13 13:46:41.440,164,22.4,-3276.8,46,0.06,0.12,4.151,102.0,0.00718,0.00018,-0.74,-0.62,-0.19,-0.12,-0.75,-0.57
2019-06-13 13:46:42.440,146,22.4,-3276.8,45,0.04,0.16,4.151,92.0,0.0071,0.00018,-0.74,-0.57,-0.19,-0.08,-0.69,-0.39
2019-06-13 13:46:43.440,129,22.4,-3276.8,45,0.02,0.06,4.151,86.0,0.0071,0.00016,-0.72,-0.62,-0.19,-0.13,-0.69,-0.57
2019-06-13 13:46:44.440,118,22.4,-3276.8,45,0.02,0.04,4.151,80.0,0.00708,0.00014,-0.71,-0.62,-0.19,-0.13,-0.67,-0.57
2019-06-13 13:46:45.440,115,22.4,-3276.8,46,0.03,0.07,4.151,90.0,0.00708,0.00014,-0.69,-0.6,-0.2,-0.14,-0.72,-0.6
2019-06-13 13:46:46.440,117,22.4,-3276.8,46,0.04,0.21,4.151,146.0,0.0079,0.00018,-0.74,-0.51,-0.24,-0.1,-0.86,-0.48
2019-06-13 13:46:47.440,118,22.4,-3276.8,46,0.02,0.06,4.151,178.0,0.0079,0.00016,-0.69,-0.6,-0.2,-0.15,-0.68,-0.59
2019-06-13 13:46:48.440,118,22.2,-3276.8,45,0.01,0.04,4.151,175.0,0.00758,0.00012,-0.69,-0.61,-0.2,-0.15,-0.67,-0.59
2019-06-13 13:46:49.440,117,22.2,-3276.8,45,0.02,0.03,4.151,158.0,0.00758,0.0001,-0.69,-0.62,-0.21,-0.15,-0.66,-0.59
2019-06-13 13:46:50.440,116,22.1,-3276.8,45,0.01,0.04,4.151,142.0,0.00734,0.0001,-0.69,-0.62,-0.2,-0.15,-0.67,-0.57
2019-06-13 13:46:51.440,112,22.1,-3276.8,45,0.01,0.04,4.151,124.0,0.00734,0.0001,-0.68,-0.59,-0.2,-0.16,-0.67,-0.59
2019-06-13 13:46:52.440,108,22.0,-3276.8,45,0.02,0.04,4.151,110.0,0.00718,0.0001,-0.69,-0.61,-0.2,-0.15,-0.67,-0.59
2019-06-13 13:46:53.440,104,22.0,-3276.8,46,0.02,0.04,4.151,95.0,0.00718,0.0001,-0.68,-0.61,-0.2,-0.14,-0.69,-0.6
2019-06-13 13:46:54.440,101,21.9,-3276.8,46,0.02,0.07,4.151,84.0,0.00712,8e-05,-0.71,-0.59,-0.21,-0.15,-0.72,-0.57
2019-06-13 13:46:55.440,98,21.9,-3276.8,46,0.02,0.03,4.151,74.0,0.00712,0.0001,-0.68,-0.61,-0.2,-0.15,-0.68,-0.61
2019-06-13 13:46:56.440,97,21.7,-3276.8,46,0.01,0.04,4.151,67.0,0.00732,0.0001,-0.67,-0.6,-0.2,-0.15,-0.71,-0.6
2019-06-13 13:46:57.440,95,21.7,-3276.8,47,0.01,0.04,4.151,59.0,0.00732,0.0001,-0.66,-0.6,-0.2,-0.16,-0.71,-0.6
2019-06-13 13:46:58.440,95,19.6,-3276.8,47,0.01,0.04,4.151,52.0,0.00742,8e-05,-0.68,-0.6,-0.2,-0.15,-0.69,-0.6
2019-06-13 13:46:59.440,95,19.6,-3276.8,47,0.04,0.09,4.151,48.0,0.00742,0.0001,-0.71,-0.57,-0.22,-0.14,-0.75,-0.57
2019-06-13 13:47:00.440,97,17.6,-3276.8,46,0.03,0.06,4.151,45.0,0.00734,0.0001,-0.72,-0.57,-0.2,-0.13,-0.71,-0.59
2019-06-13 13:47:01.440,100,17.6,-3276.8,47,0.02,0.06,4.151,60.0,0.00734,0.0001,-0.68,-0.6,-0.2,-0.15,-0.71,-0.59
2019-06-13 13:47:02.440,102,16.1,-3276.8,46,0.02,0.06,4.151,57.0,0.00738,0.0001,-0.68,-0.6,-0.2,-0.15,-0.69,-0.59
2019-06-13 13:47:03.440,102,16.1,-3276.8,47,0.04,0.1,4.151,53.0,0.00738,0.00012,-0.72,-0.56,-0.24,-0.09,-0.75,-0.57
2019-06-13 13:47:04.440,103,14.8,-3276.8,47,0.02,0.07,4.151,49.0,0.00734,0.00012,-0.67,-0.57,-0.22,-0.1,-0.73,-0.6
2019-06-13 13:47:05.440,103,14.8,-3276.8,47,0.02,0.06,4.151,46.0,0.00734,8e-05,-0.66,-0.57,-0.22,-0.15,-0.73,-0.61
2019-06-13 13:47:06.440,102,13.6,-3276.8,47,0.02,0.04,4.151,42.0,0.00726,0.0001,-0.66,-0.57,-0.2,-0.15,-0.71,-0.6
2019-06-13 13:47:07.440,101,13.6,-3276.8,47,0.02,0.04,4.151,37.0,0.00726,8e-05,-0.67,-0.57,-0.21,-0.16,-0.69,-0.61
2019-06-13 13:47:08.440,99,12.5,-3276.8,47,0.02,0.06,4.151,33.0,0.00712,8e-05,-0.66,-0.59,-0.22,-0.16,-0.72,-0.61
2019-06-13 13:47:09.440,97,12.5,-3276.8,47,0.02,0.04,4.151,29.0,0.00712,8e-05,-0.66,-0.59,-0.21,-0.16,-0.72,-0.61
2019-06-13 13:47:10.440,94,11.6,-3276.8,50,0.08,0.26,4.151,26.0,0.00708,0.0001,-0.73,-0.37,-0.27,0.07,-0.75,-0.54
2019-06-13 13:47:11.440,93,11.6,-3276.8,63,0.49,1.69,4.151,84.0,0.00708,0.00014,-0.49,-0.03,-1.8,0.5,-1.89,-0.16
2019-06-13 13:47:12.440,95,10.8,-3276.8,70,0.34,0.48,4.151,275.0,0.00642,0.00016,-0.21,-0.13,-0.86,-0.54,-0.74,-0.56
2019-06-13 13:47:13.440,98,10.8,-3276.8,73,0.22,0.28,4.151,352.0,0.00642,0.00018,-0.21,-0.18,-0.83,-0.72,-0.57,-0.51
2019-06-13 13:47:14.440,103,10.1,-3276.8,76,0.16,0.2,4.151,350.0,0.00592,0.00016,-0.2,-0.16,-0.85,-0.75,-0.55,-0.4
2019-06-13 13:47:15.440,107,10.1,-3276.8,78,0.13,0.18,4.151,327.0,0.00592,0.00016,-0.19,-0.16,-0.91,-0.78,-0.49,-0.38
2019-06-13 13:47:16.440,109,9.4,-3276.8,78,0.06,0.12,4.151,300.0,0.00472,0.00022,-0.25,-0.15,-0.89,-0.73,-0.56,-0.38
2019-06-13 13:47:17.440,110,9.4,-3276.8,78,0.06,0.19,4.151,308.0,0.00472,0.0004,-0.27,-0.18,-0.95,-0.62,-0.56,-0.33
2019-06-13 13:47:18.440,111,8.9,-3276.8,77,0.04,0.12,4.151,294.0,0.00266,0.00046,-0.26,-0.18,-0.87,-0.73,-0.56,-0.38
2019-06-13 13:47:19.440,111,8.9,-3276.8,77,0.07,0.09,4.151,257.0,0.00266,0.00032,-0.3,-0.15,-0.92,-0.8,-0.44,-0.32
2019-06-13 13:47:20.440,110,8.4,-3276.8,78,0.05,0.13,4.151,232.0,0.00248,0.00024,-0.26,-0.03,-0.92,-0.8,-0.45,-0.31
2019-06-13 13:47:21.440,109,8.4,-3276.8,78,0.03,0.08,4.151,201.0,0.00248,0.0002,-0.24,-0.18,-0.93,-0.81,-0.39,-0.34
2019-06-13 13:47:22.440,109,8.0,-3276.8,78,0.02,0.06,4.151,177.0,0.00236,0.00016,-0.24,-0.18,-0.93,-0.83,-0.39,-0.33
2019-06-13 13:47:23.440,107,8.0,-3276.8,78,0.02,0.06,4.151,161.0,0.00236,0.00016,-0.2,-0.14,-0.95,-0.81,-0.45,-0.32
2019-06-13 13:47:24.440,104,7.7,-3276.8,79,0.01,0.08,4.151,149.0,0.00482,0.0003,-0.2,-0.15,-0.96,-0.81,-0.46,-0.33
2019-06-13 13:47:25.440,104,7.7,-3276.8,79,0.02,0.06,4.151,133.0,0.00482,0.0003,-0.21,-0.16,-0.95,-0.81,-0.39,-0.3
2019-06-13 13:47:26.440,104,7.5,-3276.8,79,0.06,0.28,4.151,122.0,0.0028,0.00036,-0.32,-0.16,-0.97,-0.65,-0.65,-0.28
2019-06-13 13:47:27.440,104,7.5,-3276.8,78,0.1,0.2,4.151,138.0,0.0028,0.00026,-0.26,-0.18,-0.93,-0.71,-0.56,-0.38
2019-06-13 13:47:28.440,103,7.3,-3276.8,79,0.03,0.09,4.151,127.0,0.00322,0.0002,-0.2,-0.06,-0.97,-0.8,-0.46,-0.36
2019-06-13 13:47:29.440,103,7.3,-3276.8,79,0.03,0.06,4.151,119.0,0.00322,0.00018,-0.19,-0.14,-0.93,-0.83,-0.44,-0.36
2019-06-13 13:47:30.440,103,7.1,-3276.8,80,0.03,0.07,4.151,113.0,0.00334,0.00016,-0.18,-0.1,-0.95,-0.85,-0.39,-0.33
2019-06-13 13:47:31.440,103,7.1,-3276.8,80,0.02,0.06,4.151,106.0,0.00334,0.00014,-0.16,-0.12,-0.95,-0.87,-0.37,-0.32
2019-06-13 13:47:32.440,101,6.9,-3276.8,80,0.01,0.06,4.151,99.0,0.00366,0.00016,-0.18,-0.12,-0.95,-0.89,-0.38,-0.31
2019-06-13 13:47:33.440,102,6.9,-3276.8,80,0.02,0.07,4.151,92.0,0.00366,0.00014,-0.19,-0.13,-0.97,-0.89,-0.37,-0.27
2019-06-13 13:47:34.440,101,6.8,-3276.8,80,0.01,0.04,4.151,87.0,0.00354,0.00012,-0.16,-0.12,-0.96,-0.89,-0.38,-0.31
2019-06-13 13:47:35.440,101,6.8,-3276.8,82,0.02,0.06,4.151,87.0,0.00354,0.00014,-0.16,-0.08,-0.96,-0.9,-0.37,-0.3
2019-06-13 13:47:36.440,102,6.6,-3276.8,82,0.01,0.04,4.151,84.0,0.00302,0.00012,-0.16,-0.09,-0.96,-0.9,-0.37,-0.3
2019-06-13 13:47:37.440,101,6.6,-3276.8,82,0.02,0.04,4.151,75.0,0.00302,0.00012,-0.16,-0.08,-0.96,-0.89,-0.37,-0.3
2019-06-13 13:47:38.440,101,6.5,-3276.8,83,0.04,0.98,4.151,69.0,0.00382,0.0002,-0.57,0.1,-1.21,-0.89,-1.31,-0.26
2019-06-13 13:47:39.440,100,6.5,-3276.8,78,0.61,1.45,4.151,116.0,0.00382,0.00074,-1.65,1.61,-1.0,0.2,-1.42,0.18
2019-06-13 13:47:40.440,99,6.4,-3276.8,84,0.47,0.85,4.151,223.0,0.00406,0.00128,-0.48,0.61,-0.95,0.18,-1.28,-0.4
2019-06-13 13:47:41.440,98,6.4,-3276.8,90,0.48,1.09,4.151,251.0,0.00406,0.00154,-0.59,0.98,-0.9,0.0,-1.37,-0.44
2019-06-13 13:47:42.440,97,6.3,-3276.8,92,0.27,0.46,4.151,247.0,0.00456,0.00168,-0.3,0.49,-0.71,-0.14,-1.14,-0.59
2019-06-13 13:47:43.440,96,6.3,-3276.8,92,0.18,0.38,4.151,223.0,0.00456,0.00162,-0.13,0.3,-0.53,-0.2,-1.25,-0.6
2019-06-13 13:47:44.440,96,6.3,-3276.8,89,0.09,0.2,4.151,214.0,0.00494,0.001,-0.15,0.02,-0.38,-0.24,-1.02,-0.8
2019-06-13 13:47:45.440,95,6.3,-3276.8,88,0.08,0.15,4.151,200.0,0.00494,0.00096,-0.16,0.04,-0.5,-0.21,-0.97,-0.75
2019-06-13 13:47:46.440,95,6.2,-3276.8,90,0.1,0.32,4.151,182.0,0.00494,0.00072,-0.1,0.24,-0.46,-0.02,-1.2,-0.63
2019-06-13 13:47:47.440,96,6.2,-3276.8,92,0.91,4.3,4.151,168.0,0.00494,0.00076,-1.56,2.32,-2.71,1.4,-5.24,3.65
2019-06-13 13:47:48.440,99,6.2,-3276.8,94,2.26,4.59,4.151,203.0,0.00466,0.00082,-1.74,1.93,-2.84,1.36,-5.53,3.9
2019-06-13 13:47:49.440,103,6.2,-3276.8,94,0.34,0.74,4.151,191.0,0.00466,0.00078,-0.56,0.63,-0.73,-0.01,-1.5,-0.19
2019-06-13 13:47:50.440,108,6.0,-3276.8,92,0.59,1.31,4.151,174.0,0.00482,0.00072,-1.02,1.26,-1.08,0.21,-1.84,0.09
2019-06-13 13:47:51.440,119,6.0,-3276.8,94,0.86,1.65,4.151,154.0,0.00482,0.0007,-1.04,1.79,-0.95,0.27,-1.87,0.22
2019-06-13 13:47:52.440,140,6.0,-3276.8,94,0.43,0.8,4.151,141.0,0.00494,0.00068,-0.36,0.9,-0.69,-0.13,-1.34,-0.27
2019-06-13 13:47:53.440,163,6.0,-3276.8,93,0.34,0.59,4.151,134.0,0.00494,0.00064,-0.4,0.42,-1.01,0.02,-1.25,-0.38
2019-06-13 13:47:54.440,182,6.0,-3276.8,93,0.27,0.53,4.151,122.0,0.00494,0.0006,-0.2,0.4,-0.92,0.01,-1.16,-0.43
2019-06-13 13:47:55.440,192,6.0,-3276.8,91,0.15,0.19,4.151,113.0,0.00494,0.0009,-0.18,0.08,-0.55,-0.3,-1.0,-0.68
2019-06-13 13:47:56.440,195,6.0,-3276.8,88,0.16,0.3,4.151,117.0,0.00494,0.00076,-0.24,0.2,-0.61,-0.22,-1.08,-0.65
2019-06-13 13:47:57.440,193,6.0,-3276.8,88,0.25,0.3,4.151,103.0,0.00494,0.0007,-0.24,0.2,-0.61,-0.22,-1.08,-0.65
2019-06-13 13:47:58.440,189,6.1,-3276.8,71,0.48,0.72,4.151,121.0,0.0049,0.0006,-0.77,0.4,-0.81,-0.16,-1.1,-0.38
2019-06-13 13:47:59.440,182,6.1,-3276.8,62,0.21,0.81,4.151,144.0,0.0049,0.00048,-0.98,-0.33,-0.48,0.02,-0.86,-0.42
2019-06-13 13:48:00.440,176,6.2,-3276.8,58,0.12,0.25,4.151,144.0,0.00494,0.00042,-0.66,-0.5,-0.37,-0.21,-0.77,-0.6
2019-06-13 13:48:01.440,165,6.2,-3276.8,55,0.07,0.19,4.151,133.0,0.00494,0.00038,-0.62,-0.53,-0.38,-0.19,-0.75,-0.6
2019-06-13 13:48:02.440,153,6.3,-3276.8,53,0.05,0.13,4.151,120.0,0.00494,0.00032,-0.63,-0.53,-0.38,-0.19,-0.75,-0.61
2019-06-13 13:48:03.440,144,6.3,-3276.8,53,0.05,0.12,4.151,108.0,0.00494,0.00026,-0.61,-0.54,-0.37,-0.19,-0.77,-0.57
2019-06-13 13:48:04.440,137,6.4,-3276.8,53,0.04,0.1,4.151,96.0,0.00494,0.00022,-0.61,-0.53,-0.38,-0.19,-0.81,-0.59
2019-06-13 13:48:05.440,131,6.4,-3276.8,59,0.25,0.37,4.151,86.0,0.00494,0.0002,-0.89,-0.51,-0.49,-0.15,-0.77,-0.57
2019-06-13 13:48:06.440,129,6.4,-3276.8,75,0.44,1.01,4.151,98.0,0.00494,0.0002,-0.87,0.57,-0.77,0.09,-0.97,-0.6
2019-06-13 13:48:07.440,131,6.4,-3276.8,82,0.25,0.53,4.151,95.0,0.00494,0.0002,-0.16,0.18,-0.62,-0.12,-1.18,-0.6
2019-06-13 13:48:08.440,130,6.5,-3276.8,85,0.25,0.51,4.151,85.0,0.00494,0.0002,-0.27,0.31,-0.59,-0.06,-1.25,-0.62
2019-06-13 13:48:09.440,131,6.5,-3276.8,89,0.48,0.83,4.151,81.0,0.00494,0.00072,-0.8,0.72,-0.97,0.04,-1.36,-0.39
2019-06-13 13:48:10.440,132,6.5,-3276.8,92,0.34,0.86,4.151,77.0,0.00494,0.00056,-0.77,0.81,-0.98,-0.02,-1.39,-0.39
2019-06-13 13:48:11.440,132,6.5,-3276.8,93,0.2,0.55,4.151,70.0,0.00494,0.0004,-0.18,0.56,-0.69,-0.02,-1.3,-0.32
2019-06-13 13:48:12.440,131,6.6,-3276.8,89,0.13,0.24,4.151,68.0,0.00494,0.0003,-0.16,0.08,-0.43,-0.18,-1.12,-0.8
2019-06-13 13:48:13.440,129,6.6,-3276.8,87,0.05,0.16,4.151,66.0,0.00494,0.00024,-0.14,0.0,-0.42,-0.21,-0.96,-0.8
2019-06-13 13:48:14.440,125,6.7,-3276.8,87,0.02,0.08,4.151,63.0,0.00494,0.00018,-0.12,0.01,-0.38,-0.24,-0.95,-0.83
2019-06-13 13:48:15.440,122,6.7,-3276.8,87,0.16,0.16,4.151,59.0,0.00494,0.0002,-0.09,0.13,-0.44,-0.24,-1.03,-0.8
2019-06-13 13:48:16.440,122,6.8,-3276.8,90,0.31,0.46,4.151,65.0,0.00494,0.00022,-0.34,0.36,-0.71,-0.18,-1.18,-0.53
2019-06-13 13:48:17.440,124,6.8,-3276.8,93,0.22,0.51,4.151,64.0,0.00494,0.0002,-0.2,0.37,-0.61,0.08,-1.36,-0.39
2019-06-13 13:48:18.440,128,7.0,-3276.8,93,0.26,0.5,4.151,56.0,0.00494,0.00058,-0.22,0.57,-0.61,-0.06,-1.26,-0.46
2019-06-13 13:48:19.440,130,7.0,-3276.8,92,0.5,1.06,4.151,55.0,0.00494,0.00092,-0.45,0.77,-1.1,0.07,-1.71,0.14
2019-06-13 13:48:20.440,130,7.2,-3276.8,94,0.82,1.34,4.151,57.0,0.00494,0.00116,-0.72,1.26,-0.91,0.15,-1.98,0.13
2019-06-13 13:48:21.440,131,7.2,-3276.8,94,0.52,1.96,4.151,71.0,0.00494,0.00094,-0.84,2.13,-1.18,0.21,-1.63,0.28
2019-06-13 13:48:22.440,132,7.4,-3276.8,99,0.57,1.32,4.151,75.0,0.00494,0.00078,-0.71,1.2,-1.13,0.38,-1.78,0.04
2019-06-13 13:48:23.440,143,7.4,-3276.8,97,0.24,1.04,4.151,72.0,0.00494,0.00062,-0.19,1.13,-0.79,-0.06,-1.4,0.15
2019-06-13 13:48:24.440,150,7.7,-3276.8,94,0.2,0.45,4.151,81.0,0.00494,0.00094,-0.24,0.36,-0.54,-0.09,-1.14,-0.57
2019-06-13 13:48:25.440,152,7.7,-3276.8,95,0.18,0.28,4.151,90.0,0.00494,0.00114,-0.16,0.2,-0.55,-0.19,-1.14,-0.72
2019-06-13 13:48:26.440,153,7.9,-3276.8,96,0.42,1.01,4.151,99.0,0.0049,0.00106,-0.3,0.61,-1.3,0.15,-1.49,-0.36
2019-06-13 13:48:27.440,154,7.9,-3276.8,94,0.24,0.98,4.151,100.0,0.0049,0.00092,-0.38,0.81,-1.27,0.03,-1.31,-0.31
2019-06-13 13:48:28.440,163,8.5,-3276.8,93,0.21,0.44,4.151,95.0,0.00484,0.0008,-0.19,0.3,-0.63,-0.14,-1.31,-0.59
2019-06-13 13:48:29.440,175,8.5,-3276.8,92,0.19,0.38,4.151,95.0,0.00484,0.00072,-0.18,0.27,-0.56,-0.12,-1.27,-0.74
2019-06-13 13:48:30.440,182,9.0,-3276.8,92,0.29,0.65,4.151,100.0,0.00464,0.00064,-0.34,0.65,-0.74,0.02,-1.16,-0.67
2019-06-13 13:48:31.440,185,9.0,-3276.8,92,0.53,0.73,4.151,95.0,0.00464,0.0006,-0.65,0.68,-0.72,0.09,-1.62,-0.12
2019-06-13 13:48:32.440,181,9.3,-3276.8,93,0.59,1.13,4.151,89.0,0.00448,0.00054,-0.6,1.08,-0.8,0.16,-1.8,0.1
2019-06-13 13:48:33.440,177,9.3,-3276.8,93,0.57,1.0,4.151,89.0,0.00448,0.00046,-0.61,0.92,-0.98,0.26,-1.86,0.09
2019-06-13 13:48:34.440,173,9.6,-3276.8,99,0.33,1.06,4.151,89.0,0.00438,0.0004,-0.51,1.13,-0.8,0.04,-1.33,-0.15
2019-06-13 13:48:35.440,168,9.6,-3276.8,103,0.24,0.87,4.151,98.0,0.00438,0.00032,0.0,0.97,-0.69,-0.07,-1.19,-0.2
2019-06-13 13:48:36.440,161,10.3,-3276.8,101,0.19,0.37,4.151,95.0,0.00462,0.0003,-0.04,0.42,-0.53,-0.02,-1.08,-0.59
2019-06-13 13:48:37.440,154,10.3,-3276.8,99,0.09,0.24,4.151,94.0,0.00462,0.0003,0.02,0.21,-0.33,-0.16,-1.07,-0.79
2019-06-13 13:48:38.440,143,10.8,-3276.8,98,0.14,0.25,4.151,95.0,0.00464,0.0003,-0.01,0.22,-0.5,-0.1,-1.15,-0.69
2019-06-13 13:48:39.440,143,10.8,-3276.8,98,0.21,0.38,4.151,90.0,0.00464,0.00032,-0.02,0.48,-0.65,-0.09,-1.14,-0.57
2019-06-13 13:48:40.440,144,11.3,-3276.8,95,0.14,0.46,4.151,80.0,0.00456,0.0003,-0.28,0.37,-0.39,-0.01,-1.2,-0.72
2019-06-13 13:48:41.440,141,11.3,-3276.8,93,0.08,0.22,4.151,70.0,0.00456,0.00028,-0.14,0.16,-0.37,-0.19,-1.12,-0.81
2019-06-13 13:48:42.440,137,11.4,-3276.8,93,0.08,0.14,4.151,63.0,0.00476,0.00024,-0.06,0.2,-0.36,-0.18,-0.98,-0.83
2019-06-13 13:48:43.440,134,11.4,-3276.8,91,0.07,0.19,4.151,56.0,0.00476,0.00016,-0.14,0.07,-0.37,-0.2,-1.01,-0.85
2019-06-13 13:48:44.440,131,11.6,-3276.8,89,0.06,0.18,4.151,50.0,0.00494,0.00016,-0.16,0.01,-0.38,-0.19,-0.97,-0.81
2019-06-13 13:48:45.440,128,11.6,-3276.8,89,0.03,0.08,4.151,46.0,0.00494,0.00014,-0.07,0.01,-0.37,-0.2,-0.96,-0.87
2019-06-13 13:48:46.440,124,11.8,-3276.8,96,0.25,0.55,4.151,47.0,0.00562,0.00016,-0.06,0.54,-0.48,-0.13,-1.1,-0.51
2019-06-13 13:48:47.440,123,11.8,-3276.8,102,0.27,0.71,4.151,98.0,0.00562,0.00022,0.03,0.86,-0.72,0.12,-1.12,-0.42
2019-06-13 13:48:48.440,125,11.9,-3276.8,99,0.18,0.43,4.151,93.0,0.00722,0.0002,-0.16,0.32,-0.71,-0.04,-1.09,-0.6
2019-06-13 13:48:49.440,134,11.9,-3276.8,83,0.45,0.74,4.151,122.0,0.00722,0.00028,-0.72,0.25,-0.71,-0.18,-1.0,-0.59
2019-06-13 13:48:50.440,141,12.0,-3276.8,69,0.32,0.51,4.151,136.0,0.00706,0.0003,-0.6,-0.44,-0.3,-0.15,-0.8,-0.66
2019-06-13 13:48:51.440,137,12.0,-3276.8,63,0.17,0.28,4.151,150.0,0.00706,0.0003,-0.57,-0.44,-0.28,-0.18,-0.79,-0.69
2019-06-13 13:48:52.440,133,12.1,-3276.8,59,0.09,0.15,4.151,151.0,0.0069,0.00026,-0.59,-0.46,-0.28,-0.15,-0.79,-0.67
2019-06-13 13:48:53.440,128,12.1,-3276.8,57,0.05,0.1,4.151,139.0,0.0069,0.00022,-0.59,-0.49,-0.31,-0.18,-0.78,-0.66
2019-06-13 13:48:54.440,125,12.2,-3276.8,56,0.03,0.07,4.151,128.0,0.00686,0.00018,-0.56,-0.5,-0.25,-0.18,-0.77,-0.69
2019-06-13 13:48:55.440,121,12.2,-3276.8,60,0.2,0.53,4.151,115.0,0.00686,0.0002,-0.66,-0.02,-0.83,0.02,-1.09,-0.54
2019-06-13 13:48:56.440,120,12.3,-3276.8,57,0.17,0.49,4.151,121.0,0.00678,0.00022,-0.83,-0.09,-0.63,-0.04,-1.06,-0.39
2019-06-13 13:48:57.440,121,12.3,-3276.8,55,0.06,0.18,4.151,125.0,0.00678,0.0002,-0.6,-0.46,-0.33,-0.15,-0.79,-0.59
2019-06-13 13:48:58.440,123,12.4,-3276.8,55,0.04,0.12,4.151,119.0,0.00702,0.00018,-0.61,-0.5,-0.26,-0.18,-0.81,-0.61
2019-06-13 13:48:59.440,122,12.4,-3276.8,54,0.04,0.1,4.151,108.0,0.00702,0.00014,-0.6,-0.49,-0.3,-0.19,-0.84,-0.62
2019-06-13 13:49:00.440,121,12.4,-3276.8,53,0.02,0.04,4.151,99.0,0.00668,0.00016,-0.59,-0.5,-0.24,-0.18,-0.75,-0.68
2019-06-13 13:49:01.440,117,12.4,-3276.8,53,0.01,0.04,4.151,88.0,0.00668,0.00012,-0.6,-0.5,-0.24,-0.18,-0.77,-0.67
2019-06-13 13:49:02.440,115,12.4,-3276.8,53,0.01,0.1,4.151,82.0,0.00668,0.0001,-0.6,-0.53,-0.38,-0.19,-0.77,-0.69
2019-06-13 13:49:03.440,113,12.4,-3276.8,53,0.01,0.03,4.151,72.0,0.00668,8e-05,-0.57,-0.53,-0.24,-0.16,-0.75,-0.71
2019-06-13 13:49:04.440,111,12.4,-3276.8,53,0.02,0.08,4.151,65.0,0.00664,0.0001,-0.61,-0.49,-0.26,-0.19,-0.8,-0.63
2019-06-13 13:49:05.440,109,12.4,-3276.8,53,0.05,0.16,4.151,60.0,0.00664,0.00014,-0.73,-0.48,-0.25,-0.13,-0.84,-0.59
2019-06-13 13:49:06.440,110,12.4,-3276.8,52,0.08,0.18,4.151,61.0,0.00676,0.00016,-0.71,-0.49,-0.32,-0.16,-0.89,-0.57
2019-06-13 13:49:07.440,110,12.4,-3276.8,53,0.07,0.19,4.151,59.0,0.00676,0.00014,-0.65,-0.45,-0.31,-0.14,-0.92,-0.6
2019-06-13 13:49:08.440,105,12.5,-3276.8,53,0.06,0.16,4.151,54.0,0.00688,0.00012,-0.61,-0.46,-0.31,-0.16,-0.91,-0.59
2019-06-13 13:49:09.440,102,12.5,-3276.8,53,0.04,0.14,4.151,52.0,0.00688,0.00014,-0.6,-0.48,-0.32,-0.19,-0.85,-0.62
2019-06-13 13:49:10.440,100,12.6,-3276.8,55,0.02,0.06,4.151,51.0,0.00684,0.0001,-0.57,-0.5,-0.31,-0.18,-0.77,-0.67
2019-06-13 13:49:11.440,99,12.6,-3276.8,55,0.02,0.09,4.151,47.0,0.00684,0.00012,-0.59,-0.51,-0.27,-0.16,-0.75,-0.62
2019-06-13 13:49:12.440,98,12.7,-3276.8,55,0.01,0.04,4.151,45.0,0.00672,0.0001,-0.57,-0.5,-0.25,-0.18,-0.78,-0.69
2019-06-13 13:49:13.440,99,12.7,-3276.8,55,0.01,0.03,4.151,40.0,0.00672,8e-05,-0.59,-0.51,-0.26,-0.18,-0.77,-0.71
2019-06-13 13:49:14.440,98,12.6,-3276.8,55,0.03,0.15,4.151,36.0,0.00664,0.0001,-0.6,-0.4,-0.31,-0.12,-0.84,-0.61
2019-06-13 13:49:15.440,98,12.6,-3276.8,63,0.26,0.56,4.151,42.0,0.00664,0.00012,-0.6,0.08,-0.55,-0.02,-1.12,-0.51
2019-06-13 13:49:16.440,99,12.6,-3276.8,72,0.43,0.66,4.151,119.0,0.00606,0.00016,-0.2,-0.01,-0.91,-0.33,-1.15,-0.51
2019-06-13 13:49:17.440,101,12.6,-3276.8,77,0.31,0.43,4.151,267.0,0.00606,0.00018,-0.14,-0.04,-0.9,-0.71,-0.59,-0.53
2019-06-13 13:49:18.440,103,12.6,-3276.8,83,0.2,0.3,4.151,293.0,0.00602,0.00018,-0.16,0.09,-0.92,-0.57,-0.74,-0.51
2019-06-13 13:49:19.440,111,12.6,-3276.8,86,0.11,0.19,4.151,275.0,0.00602,0.00018,-0.04,0.03,-0.84,-0.57,-0.75,-0.57
2019-06-13 13:49:20.440,115,12.5,-3276.8,87,0.06,0.1,4.151,252.0,0.0057,0.00018,-0.12,0.0,-0.81,-0.59,-0.67,-0.56
2019-06-13 13:49:21.440,115,12.5,-3276.8,88,0.05,0.07,4.151,225.0,0.0057,0.00014,-0.08,0.01,-0.81,-0.65,-0.62,-0.56
2019-06-13 13:49:22.440,112,12.5,-3276.8,87,0.02,0.06,4.151,198.0,0.0058,0.00014,-0.09,-0.01,-0.78,-0.66,-0.62,-0.57
2019-06-13 13:49:23.440,112,12.5,-3276.8,87,0.01,0.04,4.151,173.0,0.0058,0.00012,-0.08,-0.01,-0.77,-0.68,-0.63,-0.57
2019-06-13 13:49:24.440,111,12.4,-3276.8,87,0.01,0.06,4.151,152.0,0.00586,0.00014,-0.09,0.0,-0.79,-0.68,-0.65,-0.57
2019-06-13 13:49:25.440,111,12.4,-3276.8,88,0.02,0.07,4.151,133.0,0.00586,0.00014,-0.08,0.01,-0.79,-0.66,-0.63,-0.57
2019-06-13 13:49:26.440,111,12.2,-3276.8,88,0.02,0.06,4.151,116.0,0.00596,0.00012,-0.08,0.0,-0.78,-0.68,-0.63,-0.54
2019-06-13 13:49:27.440,111,12.2,-3276.8,88,0.01,0.06,4.151,100.0,0.00596,0.00012,-0.04,0.01,-0.78,-0.71,-0.65,-0.57
2019-06-13 13:49:28.440,111,12.2,-3276.8,88,0.01,0.04,4.151,88.0,0.00692,0.0001,-0.07,0.0,-0.78,-0.67,-0.63,-0.57
2019-06-13 13:49:29.440,110,12.2,-3276.8,88,0.01,0.04,4.151,76.0,0.00692,0.00012,-0.06,0.01,-0.77,-0.68,-0.65,-0.57
2019-06-13 13:49:30.440,109,12.3,-3276.8,88,0.01,0.03,4.151,66.0,0.00684,0.00012,-0.08,0.01,-0.77,-0.71,-0.63,-0.57
2019-06-13 13:49:31.440,107,12.3,-3276.8,88,0.02,0.06,4.151,58.0,0.00684,0.0001,-0.07,0.01,-0.77,-0.68,-0.65,-0.57
2019-06-13 13:49:32.440,105,12.5,-3276.8,89,0.01,0.04,4.151,51.0,0.00684,0.00012,-0.06,0.01,-0.77,-0.68,-0.66,-0.57
2019-06-13 13:49:33.440,103,12.5,-3276.8,88,0.01,0.06,4.151,44.0,0.00684,0.00014,-0.07,0.01,-0.78,-0.68,-0.65,-0.57
2019-06-13 13:49:34.440,100,11.9,-3276.8,88,0.02,0.03,4.151,41.0,0.00688,0.00012,-0.07,0.01,-0.77,-0.69,-0.63,-0.57
2019-06-13 13:49:35.440,97,11.9,-3276.8,88,0.01,0.03,4.151,38.0,0.00688,0.0001,-0.06,0.0,-0.77,-0.69,-0.63,-0.57
2019-06-13 13:49:36.440,94,11.3,-3276.8,88,0.02,0.04,4.151,35.0,0.00688,0.0001,-0.07,0.01,-0.77,-0.68,-0.65,-0.57
2019-06-13 13:49:37.440,94,11.3,-3276.8,89,0.01,0.03,4.151,31.0,0.00688,8e-05,-0.06,0.01,-0.78,-0.69,-0.63,-0.57
2019-06-13 13:49:38.440,92,10.8,-3276.8,89,0.01,0.03,4.151,28.0,0.0067,0.00012,-0.06,0.01,-0.78,-0.69,-0.63,-0.57
2019-06-13 13:49:39.440,91,10.8,-3276.8,89,0.01,0.03,4.151,25.0,0.0067,0.00012,-0.07,0.01,-0.77,-0.71,-0.65,-0.57
2019-06-13 13:49:40.440,90,10.6,-3276.8,89,0.01,0.04,4.151,22.0,0.0067,0.00012,-0.04,0.01,-0.77,-0.67,-0.65,-0.57
2019-06-13 13:49:41.440,88,10.6,-3276.8,89,0.02,0.04,4.151,19.0,0.0067,0.00014,-0.06,0.01,-0.77,-0.69,-0.67,-0.57
2019-06-13 13:49:42.440,88,11.0,-3276.8,88,0.02,0.06,4.151,21.0,0.00674,0.00014,-0.08,0.01,-0.75,-0.66,-0.66,-0.57
2019-06-13 13:49:43.440,88,11.0,-3276.8,88,0.02,0.07,4.151,23.0,0.00674,0.00014,-0.09,0.0,-0.78,-0.65,-0.67,-0.57
2019-06-13 13:49:44.440,89,11.7,-3276.8,89,0.04,0.07,4.151,21.0,0.00672,0.00014,-0.06,0.01,-0.75,-0.65,-0.66,-0.57
2019-06-13 13:49:45.440,92,11.7,-3276.8,89,0.03,0.13,4.151,23.0,0.00672,0.00016,-0.04,0.01,-0.78,-0.59,-0.66,-0.57
2019-06-13 13:49:46.440,96,12.4,-3276.8,89,0.02,0.06,4.151,45.0,0.00686,0.00018,-0.03,0.01,-0.78,-0.65,-0.67,-0.57
2019-06-13 13:49:47.440,96,12.4,-3276.8,89,0.02,0.07,4.151,45.0,0.00686,0.00016,-0.02,0.02,-0.78,-0.63,-0.68,-0.59
2019-06-13 13:49:48.440,98,13.0,-3276.8,89,0.02,0.07,4.151,42.0,0.007,0.00016,-0.02,0.02,-0.77,-0.65,-0.67,-0.59
2019-06-13 13:49:49.440,94,13.0,-3276.8,89,0.01,0.08,4.151,37.0,0.007,0.00016,-0.03,0.02,-0.77,-0.65,-0.65,-0.57
2019-06-13 13:49:50.440,91,13.6,-3276.8,77,0.52,0.92,4.151,79.0,0.00694,0.0002,-0.96,0.61,-0.98,-0.16,-1.31,-0.59
2019-06-13 13:49:51.440,91,13.6,-3276.8,64,0.38,1.38,4.151,192.0,0.00694,0.00022,-1.26,-0.09,-0.4,0.13,-1.01,-0.18
2019-06-13 13:49:52.440,95,14.2,-3276.8,57,0.21,0.46,4.151,225.0,0.0071,0.00022,-0.72,-0.51,-0.38,-0.14,-0.87,-0.57
2019-06-13 13:49:53.440,104,14.2,-3276.8,53,0.14,0.28,4.151,225.0,0.0071,0.00028,-0.75,-0.44,-0.33,-0.06,-0.89,-0.53
2019-06-13 13:49:54.440,123,14.6,-3276.8,65,0.57,1.01,4.151,206.0,0.00704,0.0003,-0.9,0.3,-0.9,0.36,-1.36,0.32
2019-06-13 13:49:55.440,137,14.6,-3276.8,79,0.61,1.33,4.151,215.0,0.00704,0.00034,-0.85,0.95,-1.13,0.14,-1.63,-0.21
2019-06-13 13:49:56.440,150,15.0,-3276.8,85,0.56,1.89,4.151,191.0,0.00696,0.00034,-0.72,1.54,-1.34,0.14,-1.48,0.08
2019-06-13 13:49:57.440,179,15.0,-3276.8,90,0.59,1.36,4.151,167.0,0.00696,0.0004,-0.6,0.95,-0.85,0.15,-1.85,0.51
2019-06-13 13:49:58.440,200,15.4,-3276.8,96,0.58,1.03,4.151,155.0,0.00642,0.00042,-0.66,1.07,-1.15,0.06,-1.37,-0.16
2019-06-13 13:49:59.440,212,15.4,-3276.8,95,0.46,1.0,4.151,142.0,0.00642,0.00044,-0.5,1.02,-1.02,-0.08,-1.56,0.16
2019-06-13 13:50:00.440,220,15.8,-3276.8,93,0.35,0.98,4.151,135.0,0.0062,0.00048,-0.77,1.06,-0.79,-0.01,-1.42,-0.31
2019-06-13 13:50:01.440,225,15.8,-3276.8,91,0.18,0.39,4.151,125.0,0.0062,0.0005,-0.26,0.4,-0.49,-0.03,-1.26,-0.62
2019-06-13 13:50:02.440,222,16.1,-3276.8,88,0.09,0.19,4.151,119.0,0.00602,0.00054,-0.15,0.02,-0.31,-0.16,-1.0,-0.87
2019-06-13 13:50:03.440,214,16.1,-3276.8,86,0.06,0.24,4.151,110.0,0.00602,0.00054,-0.32,-0.02,-0.26,-0.18,-0.98,-0.85
2019-06-13 13:50:04.440,206,16.5,-3276.8,87,0.2,0.31,4.151,102.0,0.00624,0.00052,-0.36,0.13,-0.28,-0.12,-1.26,-0.77
2019-06-13 13:50:05.440,205,16.5,-3276.8,89,0.23,0.71,4.151,95.0,0.00624,0.00052,-0.37,0.5,-0.69,-0.01,-1.27,-0.51
2019-06-13 13:50:06.440,208,16.7,-3276.8,91,0.27,0.49,4.151,106.0,0.00648,0.0005,-0.14,0.51,-0.61,-0.18,-1.09,-0.62
2019-06-13 13:50:07.440,212,16.7,-3276.8,89,0.57,1.48,4.151,107.0,0.00648,0.0005,-0.6,0.86,-0.93,0.04,-2.34,-0.19
2019-06-13 13:50:08.440,211,17.0,-3276.8,87,0.09,1.14,4.151,102.0,0.00652,0.00044,-0.16,0.3,-0.65,-0.19,-1.89,-0.31
2019-06-13 13:50:09.440,209,17.0,-3276.8,84,0.06,0.13,4.151,102.0,0.00652,0.00034,-0.16,-0.07,-0.37,-0.22,-0.95,-0.85
2019-06-13 13:50:10.440,208,17.2,-3276.8,83,0.04,0.08,4.151,96.0,0.00674,0.00026,-0.16,-0.08,-0.36,-0.26,-0.95,-0.86
2019-06-13 13:50:11.440,205,17.2,-3276.8,83,0.03,0.06,4.151,86.0,0.00674,0.00022,-0.16,-0.1,-0.34,-0.25,-0.95,-0.87
2019-06-13 13:50:12.440,190,17.3,-3276.8,82,0.02,0.06,4.151,77.0,0.00732,0.0002,-0.18,-0.12,-0.33,-0.22,-0.95,-0.86
2019-06-13 13:50:13.440,172,17.3,-3276.8,83,0.04,0.09,4.151,70.0,0.00732,0.00018,-0.16,-0.03,-0.37,-0.22,-0.95,-0.85
2019-06-13 13:50:14.440,150,17.5,-3276.8,83,0.12,0.25,4.151,63.0,0.00764,0.00016,-0.16,0.01,-0.6,-0.25,-1.0,-0.77
2019-06-13 13:50:15.440,127,17.5,-3276.8,83,0.05,0.19,4.151,61.0,0.00764,0.00014,-0.16,-0.08,-0.56,-0.28,-0.96,-0.77
2019-06-13 13:50:16.440,113,17.6,-3276.8,82,0.02,0.08,4.151,56.0,0.00764,0.0001,-0.16,-0.09,-0.37,-0.28,-0.95,-0.85
2019-06-13 13:50:17.440,104,17.6,-3276.8,82,0.02,0.06,4.151,49.0,0.00764,0.0001,-0.16,-0.08,-0.37,-0.28,-0.95,-0.85
2019-06-13 13:50:18.440,99,17.8,-3276.8,82,0.02,0.04,4.151,45.0,0.00764,0.0001,-0.16,-0.09,-0.36,-0.28,-0.95,-0.87
2019-06-13 13:50:19.440,98,17.8,-3276.8,82,0.02,0.06,4.151,40.0,0.00764,8e-05,-0.16,-0.06,-0.37,-0.27,-0.96,-0.87
2019-06-13 13:50:20.440,96,17.9,-3276.8,83,0.1,0.25,4.151,39.0,0.00788,8e-05,-0.16,0.08,-0.39,-0.16,-1.04,-0.78
2019-06-13 13:50:21.440,95,17.9,-3276.8,83,0.06,0.14,4.151,38.0,0.00788,6e-05,-0.16,-0.01,-0.27,-0.14,-1.0,-0.91
2019-06-13 13:50:22.440,95,18.0,-3276.8,83,0.03,0.07,4.151,37.0,0.0079,6e-05,-0.16,-0.02,-0.27,-0.19,-0.97,-0.9
2019-06-13 13:50:23.440,93,18.0,-3276.8,83,0.03,0.14,4.151,37.0,0.0079,8e-05,-0.15,0.0,-0.31,-0.19,-0.96,-0.81
2019-06-13 13:50:24.440,91,18.1,-3276.8,84,0.12,0.24,4.151,39.0,0.00746,0.0001,-0.16,0.02,-0.49,-0.2,-1.0,-0.79
2019-06-13 13:50:25.440,92,18.1,-3276.8,86,0.1,0.28,4.151,51.0,0.00746,0.0001,-0.18,0.02,-0.61,-0.28,-0.95,-0.74
2019-06-13 13:50:26.440,95,18.2,-3276.8,87,0.06,0.13,4.151,54.0,0.0076,8e-05,-0.1,0.03,-0.51,-0.27,-0.97,-0.79
2019-06-13 13:50:27.440,95,18.2,-3276.8,88,0.04,0.12,4.151,58.0,0.0076,8e-05,-0.07,0.02,-0.4,-0.24,-0.95,-0.84
2019-06-13 13:50:28.440,94,18.2,-3276.8,89,0.03,0.09,4.151,55.0,0.0076,8e-05,-0.08,0.03,-0.38,-0.27,-0.95,-0.81
2019-06-13 13:50:29.440,93,18.2,-3276.8,89,0.02,0.06,4.151,51.0,0.0076,6e-05,-0.06,0.01,-0.37,-0.27,-0.95,-0.89
2019-06-13 13:50:30.440,91,18.3,-3276.8,89,0.02,0.06,4.151,47.0,0.00754,8e-05,-0.04,0.01,-0.36,-0.27,-0.95,-0.87
2019-06-13 13:50:31.440,91,18.3,-3276.8,89,0.02,0.04,4.151,44.0,0.00754,8e-05,-0.04,0.02,-0.34,-0.26,-0.96,-0.9
2019-06-13 13:50:32.440,90,18.3,-3276.8,89,0.01,0.04,4.151,40.0,0.00744,8e-05,-0.01,0.01,-0.34,-0.26,-0.95,-0.86
2019-06-13 13:50:33.440,89,18.3,-3276.8,90,0.02,0.06,4.151,37.0,0.00744,8e-05,-0.03,0.03,-0.36,-0.27,-0.95,-0.87
2019-06-13 13:50:34.440,89,18.4,-3276.8,90,0.01,0.03,4.151,33.0,0.00768,8e-05,-0.02,0.02,-0.34,-0.27,-0.95,-0.9
2019-06-13 13:50:35.440,90,18.4,-3276.8,90,0.01,0.04,4.151,29.0,0.00768,8e-05,-0.03,0.02,-0.34,-0.26,-0.95,-0.9
2019-06-13 13:50:36.440,90,18.4,-3276.8,90,0.01,0.04,4.151,26.0,0.00764,8e-05,-0.03,0.02,-0.34,-0.26,-0.95,-0.89
2019-06-13 13:50:37.440,90,18.4,-3276.8,90,0.01,0.04,4.151,24.0,0.00764,6e-05,-0.02,0.03,-0.36,-0.26,-0.95,-0.89
2019-06-13 13:50:38.440,89,18.4,-3276.8,90,0.01,0.04,4.151,22.0,0.00764,8e-05,-0.02,0.02,-0.34,-0.26,-0.95,-0.9
2019-06-13 13:50:39.440,89,18.4,-3276.8,90,0.01,0.04,4.151,19.0,0.00764,6e-05,-0.04,0.02,-0.36,-0.27,-0.95,-0.89
2019-06-13 13:50:40.440,89,16.6,-3276.8,90,0.01,0.04,4.151,18.0,0.0075,6e-05,-0.03,0.03,-0.34,-0.27,-0.96,-0.89
2019-06-13 13:50:41.440,90,16.6,-3276.8,89,0.03,0.14,4.151,17.0,0.0075,6e-05,-0.14,0.03,-0.36,-0.22,-0.96,-0.9
2019-06-13 13:50:42.440,90,15.2,-3276.8,90,0.09,0.16,4.151,22.0,0.00754,8e-05,-0.06,0.1,-0.37,-0.08,-1.03,-0.81
2019-06-13 13:50:43.440,91,15.2,-3276.8,89,0.13,0.34,4.151,32.0,0.00754,0.0001,-0.12,0.19,-0.66,-0.19,-1.12,-0.62
2019-06-13 13:50:44.440,93,14.6,-3276.8,88,0.06,0.1,4.151,44.0,0.00736,0.00012,-0.13,0.03,-0.43,-0.25,-0.96,-0.8
2019-06-13 13:50:45.440,96,14.6,-3276.8,87,0.03,0.07,4.151,43.0,0.00736,0.0001,-0.1,-0.01,-0.37,-0.27,-0.95,-0.89
2019-06-13 13:50:46.440,96,14.3,-3276.8,87,0.02,0.06,4.151,44.0,0.00746,8e-05,-0.12,-0.01,-0.34,-0.26,-0.96,-0.87
2019-06-13 13:50:47.440,95,14.3,-3276.8,87,0.02,0.06,4.151,41.0,0.00746,6e-05,-0.12,0.0,-0.36,-0.26,-0.95,-0.89
2019-06-13 13:50:48.440,95,13.9,-3276.8,87,0.02,0.03,4.151,39.0,0.0074,8e-05,-0.1,-0.01,-0.34,-0.27,-0.95,-0.9
2019-06-13 13:50:49.440,93,13.9,-3276.8,87,0.02,0.04,4.151,34.0,0.0074,8e-05,-0.1,-0.01,-0.36,-0.27,-0.96,-0.9
2019-06-13 13:50:50.440,91,13.6,-3276.8,86,0.02,0.04,4.151,32.0,0.00738,6e-05,-0.1,-0.01,-0.36,-0.27,-0.95,-0.89
2019-06-13 13:50:51.440,90,13.6,-3276.8,87,0.02,0.04,4.151,28.0,0.00738,6e-05,-0.1,-0.01,-0.37,-0.28,-0.95,-0.89
2019-06-13 13:50:52.440,90,13.4,-3276.8,86,0.02,0.04,4.151,25.0,0.0077,6e-05,-0.12,-0.02,-0.36,-0.27,-0.95,-0.9
2019-06-13 13:50:53.440,89,13.4,-3276.8,86,0.01,0.03,4.151,23.0,0.0077,8e-05,-0.1,-0.01,-0.36,-0.28,-0.95,-0.89
2019-06-13 13:50:54.440,90,13.1,-3276.8,86,0.02,0.06,4.151,20.0,0.00768,8e-05,-0.1,-0.01,-0.37,-0.28,-0.95,-0.87
2019-06-13 13:50:55.440,90,13.1,-3276.8,86,0.01,0.04,4.151,18.0,0.00768,6e-05,-0.09,-0.01,-0.37,-0.28,-0.95,-0.89
2019-06-13 13:50:56.440,91,12.9,-3276.8,87,0.02,0.07,4.151,17.0,0.00774,8e-05,-0.09,-0.01,-0.36,-0.27,-0.95,-0.84
2019-06-13 13:50:57.440,92,12.9,-3276.8,87,0.01,0.04,4.151,17.0,0.00774,8e-05,-0.1,-0.01,-0.37,-0.28,-0.95,-0.89
2019-06-13 13:50:58.440,92,11.9,-3276.8,87,0.02,0.04,4.15,16.0,0.00722,8e-05,-0.09,0.0,-0.37,-0.28,-0.95,-0.87
2019-06-13 13:50:59.440,93,11.9,-3276.8,87,0.02,0.09,4.15,15.0,0.00722,8e-05,-0.16,-0.01,-0.36,-0.26,-0.95,-0.89
2019-06-13 13:51:00.440,93,11.3,-3276.8,84,0.07,0.15,4.15,21.0,0.00752,0.0001,-0.16,0.06,-0.39,-0.19,-0.98,-0.84
2019-06-13 13:51:01.440,94,11.3,-3276.8,86,0.14,0.43,4.15,28.0,0.00752,0.00012,-0.28,0.26,-0.53,-0.06,-1.27,-0.57
2019-06-13 13:51:02.440,96,11.1,-3276.8,86,0.36,0.77,4.15,69.0,0.00722,0.00016,-0.43,0.36,-0.78,-0.08,-1.49,-0.3
2019-06-13 13:51:03.440,102,11.1,-3276.8,87,0.3,0.72,4.15,70.0,0.00722,0.00018,-0.32,0.39,-0.87,-0.04,-1.37,-0.1
2019-06-13 13:51:04.440,118,11.0,-3276.8,87,0.36,0.62,4.15,74.0,0.00764,0.00022,-0.4,0.46,-0.74,0.26,-1.38,-0.42
2019-06-13 13:51:05.440,135,11.0,-3276.8,88,0.52,1.51,4.15,71.0,0.00764,0.00032,-0.67,1.37,-1.07,0.38,-2.27,-0.07
2019-06-13 13:51:06.440,146,11.0,-3276.8,89,0.44,1.02,4.15,74.0,0.00774,0.00034,-0.74,0.71,-0.9,0.16,-1.65,-0.42
2019-06-13 13:51:07.440,157,11.0,-3276.8,91,0.35,0.78,4.15,69.0,0.00774,0.00034,-0.38,0.77,-0.89,0.14,-1.32,-0.36
2019-06-13 13:51:08.440,172,11.0,-3276.8,90,0.3,0.54,4.15,64.0,0.00744,0.00034,-0.32,0.32,-0.72,-0.18,-1.32,-0.36
2019-06-13 13:51:09.440,180,11.0,-3276.8,94,0.26,0.48,4.15,59.0,0.00744,0.00034,-0.18,0.44,-0.68,-0.16,-1.31,-0.57
2019-06-13 13:51:10.440,183,11.1,-3276.8,98,0.23,0.51,4.15,56.0,0.0066,0.00032,-0.08,0.46,-0.68,-0.16,-1.12,-0.38
2019-06-13 13:51:11.440,185,11.1,-3276.8,101,0.29,0.67,4.15,56.0,0.0066,0.00032,-0.15,0.68,-0.93,-0.19,-1.28,-0.39
2019-06-13 13:51:12.440,190,11.1,-3276.8,100,0.34,0.62,4.15,57.0,0.00602,0.00032,-0.44,0.56,-0.98,-0.16,-1.44,-0.31
2019-06-13 13:51:13.440,195,11.1,-3276.8,101,0.24,0.62,4.15,65.0,0.00602,0.00034,-0.12,0.54,-0.68,0.13,-1.27,-0.51
2019-06-13 13:51:14.440,198,11.3,-3276.8,100,0.36,1.0,4.15,79.0,0.0057,0.00036,-0.62,0.78,-0.83,0.06,-1.51,-0.42
2019-06-13 13:51:15.440,201,11.3,-3276.8,99,0.3,0.68,4.15,75.0,0.0057,0.00036,-0.31,0.69,-0.59,-0.01,-1.56,-0.5
2019-06-13 13:51:16.440,202,11.5,-3276.8,98,0.29,0.6,4.15,73.0,0.00598,0.0004,-0.19,0.59,-0.78,0.08,-1.4,-0.55
2019-06-13 13:51:17.440,202,11.5,-3276.8,101,0.39,0.78,4.15,66.0,0.00598,0.00044,-0.19,0.67,-0.96,0.07,-1.45,-0.46
2019-06-13 13:51:18.440,202,11.9,-3276.8,99,0.37,0.71,4.15,60.0,0.006,0.00048,-0.33,0.8,-0.85,0.04,-1.43,-0.34
2019-06-13 13:51:19.440,202,11.9,-3276.8,98,0.24,0.71,4.15,62.0,0.006,0.0005,-0.33,0.8,-0.85,0.04,-1.43,-0.34
2019-06-13 13:51:20.440,199,12.4,-3276.8,93,0.18,0.46,4.15,70.0,0.00596,0.00052,-0.16,0.37,-0.51,-0.1,-1.39,-0.57
2019-06-13 13:51:21.440,197,12.4,-3276.8,92,0.14,0.32,4.15,69.0,0.00596,0.00054,-0.21,0.18,-0.6,-0.15,-1.13,-0.68
2019-06-13 13:51:22.440,193,13.0,-3276.8,93,0.09,0.31,4.15,68.0,0.00568,0.0005,-0.15,0.2,-0.48,-0.24,-1.01,-0.61
2019-06-13 13:51:23.440,189,13.0,-3276.8,92,0.12,0.24,4.15,65.0,0.00568,0.0005,-0.13,0.18,-0.46,-0.18,-1.0,-0.77
2019-06-13 13:51:24.440,178,13.6,-3276.8,93,0.23,0.55,4.15,61.0,0.0056,0.00044,-0.28,0.25,-0.53,0.16,-1.1,-0.73
2019-06-13 13:51:25.440,168,13.6,-3276.8,93,0.16,0.54,4.15,65.0,0.0056,0.00042,-0.22,0.48,-0.48,0.13,-1.28,-0.5
2019-06-13 13:51:26.440,158,14.1,-3276.8,91,0.12,0.28,4.15,60.0,0.00558,0.0004,-0.15,0.31,-0.49,-0.13,-1.09,-0.72
2019-06-13 13:51:27.440,151,14.1,-3276.8,89,0.11,0.21,4.15,53.0,0.00558,0.00032,-0.18,0.08,-0.53,-0.21,-1.08,-0.75
2019-06-13 13:51:28.440,146,14.5,-3276.8,87,0.08,0.18,4.15,48.0,0.00778,0.00028,-0.16,0.02,-0.49,-0.25,-1.0,-0.77
2019-06-13 13:51:29.440,143,14.5,-3276.8,87,0.07,0.15,4.15,45.0,0.00778,0.0002,-0.16,0.04,-0.48,-0.25,-1.02,-0.75
2019-06-13 13:51:30.440,135,14.9,-3276.8,87,0.07,0.13,4.15,41.0,0.00708,0.00014,-0.16,0.01,-0.5,-0.32,-0.95,-0.77
2019-06-13 13:51:31.440,119,14.9,-3276.8,88,0.12,0.21,4.15,38.0,0.00708,0.00014,-0.18,0.15,-0.49,-0.19,-1.02,-0.77
2019-06-13 13:51:32.440,107,15.4,-3276.8,88,0.09,0.21,4.15,35.0,0.00692,0.00012,-0.13,0.15,-0.42,-0.12,-1.0,-0.77
2019-06-13 13:51:33.440,103,15.4,-3276.8,87,0.08,0.16,4.15,33.0,0.00692,0.00014,-0.16,0.13,-0.43,-0.21,-1.04,-0.81
2019-06-13 13:51:34.440,105,15.8,-3276.8,89,0.18,0.25,4.15,31.0,0.00702,0.00016,-0.28,0.2,-0.48,-0.1,-1.07,-0.79
2019-06-13 13:51:35.440,110,15.8,-3276.8,89,0.13,0.5,4.15,30.0,0.00702,0.00016,-0.26,0.33,-0.56,-0.1,-1.22,-0.56
2019-06-13 13:51:36.440,113,16.3,-3276.8,88,0.1,0.18,4.15,27.0,0.00704,0.00018,-0.15,0.06,-0.51,-0.21,-1.0,-0.77
2019-06-13 13:51:37.440,112,16.3,-3276.8,89,0.13,0.19,4.15,24.0,0.00704,0.00018,-0.18,0.12,-0.56,-0.28,-1.04,-0.77
2019-06-13 13:51:38.440,114,16.9,-3276.8,92,0.33,0.49,4.15,24.0,0.00692,0.0002,-0.19,0.32,-0.49,0.12,-1.39,-0.57
2019-06-13 13:51:39.440,119,16.9,-3276.8,91,0.29,0.63,4.15,26.0,0.00692,0.00022,-0.4,0.57,-0.72,0.08,-1.31,-0.4
2019-06-13 13:51:40.440,124,17.4,-3276.8,92,0.23,0.43,4.15,26.0,0.00704,0.00022,-0.33,0.48,-0.61,-0.08,-1.14,-0.61
2019-06-13 13:51:41.440,128,17.4,-3276.8,94,0.32,0.56,4.15,24.0,0.00704,0.00028,-0.37,0.65,-0.61,0.07,-1.19,-0.46
2019-06-13 13:51:42.440,127,17.8,-3276.8,101,0.41,1.01,4.15,41.0,0.00678,0.00028,-0.15,1.09,-0.89,-0.02,-1.27,-0.21
2019-06-13 13:51:43.440,132,17.8,-3276.8,98,0.58,0.79,4.15,56.0,0.00678,0.0003,-0.45,0.68,-0.89,-0.1,-1.6,-0.22
2019-06-13 13:51:44.440,137,18.2,-3276.8,96,0.79,1.33,4.15,52.0,0.00704,0.00036,-1.07,1.42,-1.43,0.07,-1.86,0.26
2019-06-13 13:51:45.440,143,18.2,-3276.8,95,0.79,1.53,4.15,48.0,0.00704,0.00038,-0.97,1.43,-1.13,0.13,-1.85,-0.06
2019-06-13 13:51:46.440,159,18.5,-3276.8,93,0.72,1.36,4.15,51.0,0.00712,0.00038,-0.75,1.27,-1.18,0.18,-1.83,0.12
2019-06-13 13:51:47.440,164,18.5,-3276.8,93,0.64,1.24,4.15,53.0,0.00712,0.00038,-0.73,1.31,-1.16,0.1,-1.61,0.33
2019-06-13 13:51:48.440,165,18.9,-3276.8,94,0.68,1.02,4.15,48.0,0.0072,0.00036,-0.78,0.87,-0.92,0.15,-1.55,0.1
2019-06-13 13:51:49.440,171,18.9,-3276.8,92,0.67,1.15,4.15,43.0,0.0072,0.0004,-0.83,1.01,-0.97,0.16,-1.65,0.22
2019-06-13 13:51:50.440,177,19.3,-3276.8,91,0.68,1.43,4.15,40.0,0.0072,0.00038,-0.61,1.55,-0.91,0.14,-1.83,0.15
2019-06-13 13:51:51.440,182,19.3,-3276.8,92,0.69,1.19,4.15,37.0,0.0072,0.00038,-0.74,1.2,-1.0,0.14,-1.55,0.19
2019-06-13 13:51:52.440,187,20.2,-3276.8,91,0.69,1.38,4.15,33.0,0.00712,0.00036,-0.84,1.22,-1.08,0.2,-1.69,0.1
2019-06-13 13:51:53.440,190,20.2,-3276.8,88,0.62,1.01,4.15,33.0,0.00712,0.00036,-0.74,1.06,-0.97,0.33,-1.6,-0.02
2019-06-13 13:51:54.440,188,21.0,-3276.8,89,0.7,1.09,4.15,32.0,0.00702,0.00038,-0.74,0.97,-1.0,0.22,-1.71,0.12
2019-06-13 13:51:55.440,184,21.0,-3276.8,91,0.71,1.66,4.15,34.0,0.00702,0.00036,-0.8,1.51,-1.37,0.21,-1.91,0.19
2019-06-13 13:51:56.440,176,21.8,-3276.8,91,0.65,1.27,4.15,39.0,0.00732,0.00036,-0.8,1.3,-0.85,0.09,-1.92,0.22
2019-06-13 13:51:57.440,175,21.8,-3276.8,90,0.57,1.13,4.15,37.0,0.00732,0.0004,-0.56,0.83,-0.97,0.42,-2.0,-0.06
2019-06-13 13:51:58.440,172,22.4,-3276.8,92,0.6,1.08,4.15,38.0,0.00732,0.00038,-0.72,1.0,-0.8,0.09,-1.72,-0.01
2019-06-13 13:51:59.440,164,22.4,-3276.8,91,0.39,1.21,4.15,39.0,0.00732,0.00038,-0.48,1.16,-0.81,0.15,-1.42,-0.03
2019-06-13 13:52:00.440,157,23.0,-3276.8,91,0.32,0.8,4.15,39.0,0.00752,0.0004,-0.43,0.54,-0.91,-0.04,-1.33,-0.24
2019-06-13 13:52:01.440,151,23.0,-3276.8,92,0.53,0.96,4.15,35.0,0.00752,0.00036,-0.83,0.92,-1.02,-0.09,-1.49,-0.33
2019-06-13 13:52:02.440,147,23.5,-3276.8,92,0.51,1.13,4.15,33.0,0.0074,0.00034,-0.89,0.86,-1.14,-0.08,-1.73,-0.32
2019-06-13 13:52:03.440,148,23.5,-3276.8,93,0.32,1.09,4.15,31.0,0.0074,0.00036,-0.62,1.16,-1.12,0.01,-1.43,-0.56
2019-06-13 13:52:04.440,153,24.1,-3276.8,93,0.37,0.85,4.15,30.0,0.00754,0.00036,-0.75,0.75,-0.63,-0.01,-1.3,-0.36
2019-06-13 13:52:05.440,156,24.1,-3276.8,93,0.31,0.66,4.15,29.0,0.00754,0.00036,-0.46,0.66,-0.77,-0.13,-1.3,-0.45
2019-06-13 13:52:06.440,152,24.6,-3276.8,92,0.22,0.55,4.15,28.0,0.00772,0.00034,-0.43,0.54,-0.8,-0.18,-1.15,-0.49
2019-06-13 13:52:07.440,147,24.6,-3276.8,92,0.31,0.57,4.15,27.0,0.00772,0.00036,-0.53,0.53,-0.73,-0.04,-1.3,-0.48
2019-06-13 13:52:08.440,144,25.0,-3276.8,92,0.25,0.61,4.15,27.0,0.00772,0.00034,-0.42,0.54,-1.04,-0.08,-1.21,-0.57
2019-06-13 13:52:09.440,143,25.0,-3276.8,93,0.32,0.65,4.15,27.0,0.00772,0.00034,-0.55,0.63,-0.73,-0.1,-1.22,-0.51
2019-06-13 13:52:10.440,146,25.4,-3276.8,93,0.18,0.31,4.15,25.0,0.00762,0.00034,-0.25,0.31,-0.68,-0.16,-1.08,-0.59
2019-06-13 13:52:11.440,150,25.4,-3276.8,89,0.19,0.39,4.15,24.0,0.00762,0.00038,-0.31,0.2,-0.56,-0.19,-1.16,-0.46
2019-06-13 13:52:12.440,157,25.7,-3276.8,91,0.43,1.02,4.15,24.0,0.00784,0.0004,-0.81,0.91,-0.68,0.02,-1.54,-0.03
2019-06-13 13:52:13.440,164,25.7,-3276.8,92,0.5,1.03,4.15,58.0,0.00784,0.0004,-0.54,0.96,-1.0,0.09,-1.36,0.09
2019-06-13 13:52:14.440,170,26.0,-3276.8,93,0.44,0.91,4.15,60.0,0.00768,0.00042,-0.43,0.86,-0.86,-0.18,-1.61,0.03
