Timestamp,rr_raw,rr_avec
2019-06-13 13:38:51.048,432.0,432.0
2019-06-13 13:38:51.552,444.0,444.0
2019-06-13 13:38:52.056,497.0,497.0
2019-06-13 13:38:52.560,483.0,483.0
2019-06-13 13:38:53.064,444.0,444.0
2019-06-13 13:38:53.288,459.0,459.0
2019-06-13 13:38:54.016,546.0,546.0
2019-06-13 13:38:54.520,638.0,638.0
2019-06-13 13:38:55.304,634.0,634.0
2019-06-13 13:38:55.808,557.0,557.0
2019-06-13 13:38:56.312,467.0,467.0
2019-06-13 13:38:56.760,442.0,442.0
2019-06-13 13:38:57.040,442.0,442.0
2019-06-13 13:38:57.544,436.0,436.0
2019-06-13 13:38:58.048,425.0,425.0
2019-06-13 13:38:58.552,430.0,430.0
2019-06-13 13:38:58.776,422.0,422.0
2019-06-13 13:38:59.280,414.0,414.0
2019-06-13 13:38:59.784,400.0,400.0
2019-06-13 13:39:00.064,402.0,402.0
2019-06-13 13:39:00.512,402.0,402.0
2019-06-13 13:39:01.800,447.0,447.0
2019-06-13 13:39:02.304,437.0,437.0
2019-06-13 13:39:03.032,489.0,489.0
2019-06-13 13:39:03.536,526.0,
2019-06-13 13:39:04.264,540.0,
2019-06-13 13:39:04.544,469.0,469.0
2019-06-13 13:39:05.048,451.0,451.0
2019-06-13 13:39:05.552,424.0,424.0
2019-06-13 13:39:06.056,408.0,408.0
2019-06-13 13:39:06.280,393.0,393.0
2019-06-13 13:39:06.784,385.0,385.0
2019-06-13 13:39:07.064,370.0,370.0
2019-06-13 13:39:07.512,352.0,352.0
2019-06-13 13:39:07.792,346.0,346.0
2019-06-13 13:39:08.016,344.0,344.0
2019-06-13 13:39:08.520,334.0,334.0
2019-06-13 13:39:08.800,324.0,324.0
2019-06-13 13:39:09.528,648.0,
2019-06-13 13:39:09.808,380.0,380.0
2019-06-13 13:39:10.312,380.0,380.0
2019-06-13 13:39:10.536,377.0,377.0
2019-06-13 13:39:11.040,378.0,378.0
2019-06-13 13:39:11.264,373.0,373.0
2019-06-13 13:39:11.768,355.0,355.0
2019-06-13 13:39:12.048,335.0,335.0
2019-06-13 13:39:12.272,320.0,320.0
2019-06-13 13:39:12.552,319.0,319.0
2019-06-13 13:39:13.056,304.0,304.0
2019-06-13 13:39:13.280,301.0,301.0
2019-06-13 13:39:13.560,300.0,300.0
2019-06-13 13:39:13.784,295.0,295.0
2019-06-13 13:39:14.064,293.0,293.0
2019-06-13 13:39:14.512,294.0,294.0
2019-06-13 13:39:14.792,302.0,302.0
2019-06-13 13:39:15.016,332.0,332.0
2019-06-13 13:39:15.800,312.0,312.0
2019-06-13 13:39:16.024,307.0,307.0
2019-06-13 13:39:16.304,305.0,305.0
2019-06-13 13:39:17.312,290.0,
2019-06-13 13:39:17.536,287.0,
2019-06-13 13:39:17.760,283.0,
2019-06-13 13:39:18.040,279.0,
2019-06-13 13:39:18.264,277.0,
2019-06-13 13:39:18.544,283.0,
2019-06-13 13:39:18.768,276.0,
2019-06-13 13:39:19.552,297.0,297.0
2019-06-13 13:39:19.776,389.0,389.0
2019-06-13 13:39:20.280,524.0,
2019-06-13 13:39:20.784,510.0,
2019-06-13 13:39:21.288,512.0,
2019-06-13 13:39:21.792,460.0,
2019-06-13 13:39:22.296,448.0,
2019-06-13 13:39:22.800,391.0,391.0
2019-06-13 13:39:23.024,377.0,377.0
2019-06-13 13:39:23.528,354.0,354.0
2019-06-13 13:39:23.808,328.0,328.0
2019-06-13 13:39:24.032,318.0,
2019-06-13 13:39:24.536,332.0,332.0
2019-06-13 13:39:24.760,386.0,386.0
2019-06-13 13:39:25.264,410.0,410.0
2019-06-13 13:39:25.544,388.0,388.0
2019-06-13 13:39:26.048,394.0,394.0
2019-06-13 13:39:26.776,383.0,383.0
2019-06-13 13:39:27.784,376.0,376.0
2019-06-13 13:39:28.288,379.0,379.0
2019-06-13 13:39:29.016,389.0,389.0
2019-06-13 13:39:29.520,409.0,409.0
2019-06-13 13:39:29.800,450.0,
2019-06-13 13:39:30.528,539.0,
2019-06-13 13:39:31.032,586.0,
2019-06-13 13:39:31.536,481.0,
2019-06-13 13:39:32.040,441.0,
2019-06-13 13:39:32.264,413.0,413.0
2019-06-13 13:39:33.048,375.0,375.0
2019-06-13 13:39:33.552,359.0,359.0
2019-06-13 13:39:33.776,343.0,343.0
2019-06-13 13:39:34.560,329.0,
2019-06-13 13:39:34.784,323.0,
2019-06-13 13:39:35.064,321.0,
2019-06-13 13:39:35.512,316.0,
2019-06-13 13:39:35.792,313.0,
2019-06-13 13:39:36.016,311.0,
2019-06-13 13:39:36.296,303.0,
2019-06-13 13:39:37.024,311.0,
2019-06-13 13:39:37.304,331.0,
2019-06-13 13:39:38.032,411.0,411.0
2019-06-13 13:39:38.536,406.0,406.0
2019-06-13 13:39:39.040,396.0,396.0
2019-06-13 13:39:39.264,392.0,392.0
2019-06-13 13:39:40.048,363.0,363.0
2019-06-13 13:39:40.272,342.0,342.0
2019-06-13 13:39:40.776,333.0,333.0
2019-06-13 13:39:41.056,329.0,329.0
2019-06-13 13:39:41.280,340.0,340.0
2019-06-13 13:39:42.064,407.0,407.0
2019-06-13 13:39:42.512,415.0,415.0
2019-06-13 13:39:43.016,441.0,
2019-06-13 13:39:43.800,434.0,
2019-06-13 13:39:44.304,433.0,
2019-06-13 13:39:44.808,430.0,
2019-06-13 13:39:45.312,440.0,
2019-06-13 13:39:46.544,476.0,
2019-06-13 13:39:47.048,434.0,
2019-06-13 13:39:47.552,415.0,415.0
2019-06-13 13:39:47.776,408.0,408.0
2019-06-13 13:39:48.280,394.0,394.0
2019-06-13 13:39:49.064,371.0,371.0
2019-06-13 13:39:49.288,343.0,343.0
2019-06-13 13:39:50.016,309.0,
2019-06-13 13:39:50.520,594.0,
2019-06-13 13:39:50.800,284.0,
2019-06-13 13:39:51.024,286.0,
2019-06-13 13:39:51.528,287.0,
2019-06-13 13:39:51.808,284.0,
2019-06-13 13:39:52.032,308.0,
2019-06-13 13:39:52.312,302.0,
2019-06-13 13:39:52.760,371.0,371.0
2019-06-13 13:39:53.040,365.0,365.0
2019-06-13 13:39:53.544,391.0,391.0
2019-06-13 13:39:53.768,395.0,395.0
2019-06-13 13:39:54.272,382.0,382.0
2019-06-13 13:39:55.280,351.0,351.0
2019-06-13 13:39:55.560,339.0,339.0
2019-06-13 13:39:56.064,323.0,323.0
2019-06-13 13:39:56.288,313.0,313.0
2019-06-13 13:39:56.512,309.0,309.0
2019-06-13 13:39:56.792,303.0,
2019-06-13 13:39:57.296,296.0,
2019-06-13 13:39:57.520,295.0,
2019-06-13 13:39:57.800,291.0,
2019-06-13 13:39:58.024,299.0,
2019-06-13 13:39:58.808,351.0,351.0
2019-06-13 13:39:59.032,398.0,
2019-06-13 13:39:59.536,404.0,
2019-06-13 13:40:00.040,429.0,
2019-06-13 13:40:00.264,422.0,
2019-06-13 13:40:00.768,416.0,
2019-06-13 13:40:01.272,420.0,
2019-06-13 13:40:02.056,399.0,
2019-06-13 13:40:02.560,382.0,
2019-06-13 13:40:02.784,375.0,
2019-06-13 13:40:03.288,368.0,368.0
2019-06-13 13:40:03.512,358.0,358.0
2019-06-13 13:40:04.296,336.0,336.0
2019-06-13 13:40:04.520,327.0,327.0
2019-06-13 13:40:04.800,324.0,324.0
2019-06-13 13:40:05.304,325.0,325.0
2019-06-13 13:40:05.528,319.0,
2019-06-13 13:40:06.032,327.0,327.0
2019-06-13 13:40:06.536,317.0,
2019-06-13 13:40:06.760,314.0,
2019-06-13 13:40:07.768,304.0,
2019-06-13 13:40:08.552,312.0,
2019-06-13 13:40:10.792,347.0,347.0
2019-06-13 13:40:11.296,352.0,352.0
2019-06-13 13:40:12.024,338.0,338.0
2019-06-13 13:40:12.304,330.0,330.0
2019-06-13 13:40:13.312,325.0,
2019-06-13 13:40:13.536,337.0,337.0
2019-06-13 13:40:14.768,322.0,
2019-06-13 13:40:17.288,345.0,345.0
2019-06-13 13:40:17.512,356.0,356.0
2019-06-13 13:40:18.016,374.0,
2019-06-13 13:40:18.296,387.0,
2019-06-13 13:40:19.024,370.0,
2019-06-13 13:40:19.528,360.0,360.0
2019-06-13 13:40:19.808,350.0,350.0
2019-06-13 13:40:20.760,337.0,337.0
2019-06-13 13:40:22.776,335.0,335.0
2019-06-13 13:40:23.056,349.0,349.0
2019-06-13 13:40:23.560,372.0,
2019-06-13 13:40:24.288,400.0,
2019-06-13 13:40:24.792,393.0,
2019-06-13 13:40:25.800,388.0,
2019-06-13 13:40:27.312,362.0,
2019-06-13 13:40:28.040,344.0,344.0
2019-06-13 13:40:28.264,331.0,331.0
2019-06-13 13:40:29.552,306.0,306.0
2019-06-13 13:40:30.560,294.0,
2019-06-13 13:40:31.064,285.0,
2019-06-13 13:40:31.288,290.0,
2019-06-13 13:40:33.808,310.0,310.0
2019-06-13 13:40:34.032,306.0,306.0
2019-06-13 13:40:36.272,363.0,
2019-06-13 13:40:38.288,356.0,
2019-06-13 13:40:38.792,348.0,
2019-06-13 13:40:39.520,339.0,339.0
2019-06-13 13:40:40.304,317.0,317.0
2019-06-13 13:40:40.808,307.0,307.0
2019-06-13 13:40:41.760,285.0,285.0
2019-06-13 13:40:42.040,282.0,
2019-06-13 13:40:42.544,282.0,
2019-06-13 13:40:42.768,278.0,
2019-06-13 13:40:43.048,274.0,
2019-06-13 13:40:43.272,273.0,
2019-06-13 13:40:43.552,268.0,
2019-06-13 13:40:43.776,269.0,
2019-06-13 13:40:44.056,270.0,
2019-06-13 13:40:44.280,268.0,
2019-06-13 13:40:44.560,271.0,
2019-06-13 13:40:45.064,276.0,
2019-06-13 13:40:45.512,272.0,
2019-06-13 13:40:45.792,275.0,
2019-06-13 13:40:46.296,298.0,298.0
2019-06-13 13:40:47.024,342.0,342.0
2019-06-13 13:40:47.304,361.0,361.0
2019-06-13 13:40:47.808,384.0,
2019-06-13 13:40:50.048,353.0,353.0
2019-06-13 13:40:50.272,333.0,333.0
2019-06-13 13:40:50.552,316.0,316.0
2019-06-13 13:40:52.064,374.0,374.0
2019-06-13 13:40:52.288,387.0,387.0
2019-06-13 13:40:52.792,397.0,397.0
2019-06-13 13:40:53.296,403.0,403.0
2019-06-13 13:40:53.520,405.0,405.0
2019-06-13 13:40:54.024,421.0,
2019-06-13 13:40:54.528,458.0,
2019-06-13 13:40:55.032,462.0,
2019-06-13 13:40:57.048,366.0,366.0
2019-06-13 13:40:57.272,340.0,340.0
2019-06-13 13:40:57.776,320.0,
2019-06-13 13:40:58.560,291.0,
2019-06-13 13:41:02.032,321.0,
2019-06-13 13:41:04.776,367.0,367.0
2019-06-13 13:41:05.784,396.0,396.0
2019-06-13 13:41:07.520,390.0,390.0
2019-06-13 13:41:08.304,378.0,378.0
2019-06-13 13:41:10.040,409.0,409.0
2019-06-13 13:41:11.048,432.0,432.0
2019-06-13 13:41:11.272,423.0,423.0
2019-06-13 13:41:11.776,427.0,427.0
2019-06-13 13:41:12.784,471.0,471.0
2019-06-13 13:41:13.288,533.0,
2019-06-13 13:41:14.016,428.0,428.0
2019-06-13 13:41:14.520,417.0,417.0
2019-06-13 13:41:15.304,385.0,385.0
2019-06-13 13:41:17.544,405.0,405.0
2019-06-13 13:41:19.784,357.0,
2019-06-13 13:41:20.512,330.0,
2019-06-13 13:41:23.760,315.0,
2019-06-13 13:41:27.064,448.0,448.0
2019-06-13 13:41:27.512,476.0,476.0
2019-06-13 13:41:28.016,501.0,501.0
2019-06-13 13:41:28.520,488.0,488.0
2019-06-13 13:41:29.024,469.0,469.0
2019-06-13 13:41:29.304,481.0,481.0
2019-06-13 13:41:30.032,537.0,537.0
2019-06-13 13:41:30.536,543.0,543.0
2019-06-13 13:41:31.040,591.0,591.0
2019-06-13 13:41:31.544,547.0,547.0
2019-06-13 13:41:32.272,645.0,
2019-06-13 13:41:32.776,451.0,451.0
2019-06-13 13:41:33.056,439.0,
2019-06-13 13:41:33.560,470.0,470.0
2019-06-13 13:41:34.288,692.0,
2019-06-13 13:41:35.016,787.0,
2019-06-13 13:41:35.800,672.0,
2019-06-13 13:41:36.528,655.0,655.0
2019-06-13 13:41:37.032,736.0,
2019-06-13 13:41:37.760,664.0,664.0
2019-06-13 13:41:38.544,663.0,663.0
2019-06-13 13:41:39.272,794.0,
2019-06-13 13:41:40.056,677.0,677.0
2019-06-13 13:41:40.784,734.0,
2019-06-13 13:41:41.512,750.0,
2019-06-13 13:41:42.016,669.0,669.0
2019-06-13 13:41:42.800,583.0,583.0
2019-06-13 13:41:43.304,516.0,
2019-06-13 13:41:43.808,524.0,524.0
2019-06-13 13:41:44.760,526.0,526.0
2019-06-13 13:41:45.264,494.0,
2019-06-13 13:41:45.768,449.0,
2019-06-13 13:41:46.272,465.0,
2019-06-13 13:41:46.776,570.0,570.0
2019-06-13 13:41:48.064,723.0,
2019-06-13 13:41:48.792,766.0,
2019-06-13 13:41:49.800,809.0,
2019-06-13 13:41:50.528,830.0,
2019-06-13 13:41:51.032,616.0,616.0
2019-06-13 13:41:51.760,576.0,576.0
2019-06-13 13:41:52.264,557.0,557.0
2019-06-13 13:41:52.768,604.0,604.0
2019-06-13 13:41:53.552,610.0,610.0
2019-06-13 13:41:54.056,587.0,587.0
2019-06-13 13:41:54.560,505.0,
2019-06-13 13:41:55.064,503.0,
2019-06-13 13:41:55.512,488.0,
2019-06-13 13:41:57.024,467.0,
2019-06-13 13:41:57.528,462.0,
2019-06-13 13:41:59.264,485.0,
2019-06-13 13:41:59.768,491.0,
2019-06-13 13:42:00.272,506.0,
2019-06-13 13:42:00.776,538.0,
2019-06-13 13:42:01.560,565.0,565.0
2019-06-13 13:42:02.064,612.0,612.0
2019-06-13 13:42:02.792,669.0,669.0
2019-06-13 13:42:03.296,635.0,635.0
2019-06-13 13:42:04.024,643.0,643.0
2019-06-13 13:42:04.528,625.0,625.0
2019-06-13 13:42:05.312,615.0,615.0
2019-06-13 13:42:05.760,636.0,636.0
2019-06-13 13:42:06.544,676.0,
2019-06-13 13:42:07.272,675.0,
2019-06-13 13:42:08.560,650.0,
2019-06-13 13:42:09.288,633.0,633.0
2019-06-13 13:42:09.792,628.0,628.0
2019-06-13 13:42:10.520,632.0,632.0
2019-06-13 13:42:11.024,629.0,629.0
2019-06-13 13:42:11.808,703.0,
2019-06-13 13:42:13.040,636.0,636.0
2019-06-13 13:42:13.768,671.0,
2019-06-13 13:42:14.272,635.0,635.0
2019-06-13 13:42:15.560,625.0,625.0
2019-06-13 13:42:16.288,630.0,630.0
2019-06-13 13:42:16.792,603.0,603.0
2019-06-13 13:42:18.024,515.0,
2019-06-13 13:42:18.528,478.0,
2019-06-13 13:42:19.032,580.0,580.0
2019-06-13 13:42:19.536,596.0,596.0
2019-06-13 13:42:20.264,607.0,607.0
2019-06-13 13:42:20.768,611.0,611.0
2019-06-13 13:42:21.552,623.0,623.0
2019-06-13 13:42:22.056,610.0,610.0
2019-06-13 13:42:23.288,649.0,649.0
2019-06-13 13:42:24.016,648.0,648.0
2019-06-13 13:42:24.520,652.0,
2019-06-13 13:42:25.304,695.0,
2019-06-13 13:42:26.032,642.0,642.0
2019-06-13 13:42:27.264,659.0,
2019-06-13 13:42:27.768,670.0,
2019-06-13 13:42:29.056,574.0,574.0
2019-06-13 13:42:29.560,592.0,592.0
2019-06-13 13:42:30.288,620.0,620.0
2019-06-13 13:42:31.016,653.0,653.0
2019-06-13 13:42:31.520,550.0,
2019-06-13 13:42:32.024,541.0,
2019-06-13 13:42:33.760,449.0,
2019-06-13 13:42:35.272,493.0,
2019-06-13 13:42:35.776,487.0,
2019-06-13 13:42:36.280,494.0,
2019-06-13 13:42:36.784,502.0,
2019-06-13 13:42:37.792,536.0,
2019-06-13 13:42:38.520,629.0,629.0
2019-06-13 13:42:39.024,647.0,647.0
2019-06-13 13:42:39.808,653.0,653.0
2019-06-13 13:42:40.536,706.0,
2019-06-13 13:42:41.264,713.0,
2019-06-13 13:42:41.768,640.0,640.0
2019-06-13 13:42:42.552,638.0,638.0
2019-06-13 13:42:43.784,693.0,
2019-06-13 13:42:44.512,697.0,
2019-06-13 13:42:45.296,742.0,
2019-06-13 13:42:46.024,672.0,672.0
2019-06-13 13:42:46.808,816.0,
2019-06-13 13:42:48.040,592.0,592.0
2019-06-13 13:42:48.768,699.0,
2019-06-13 13:42:49.272,654.0,654.0
2019-06-13 13:42:50.056,704.0,
2019-06-13 13:42:50.784,646.0,646.0
2019-06-13 13:42:51.512,730.0,
2019-06-13 13:42:52.016,716.0,
2019-06-13 13:42:53.304,571.0,571.0
2019-06-13 13:42:54.032,595.0,595.0
2019-06-13 13:42:55.264,644.0,644.0
2019-06-13 13:42:56.552,801.0,
2019-06-13 13:42:57.280,596.0,596.0
2019-06-13 13:42:58.288,567.0,567.0
2019-06-13 13:42:59.016,569.0,569.0
2019-06-13 13:42:59.520,568.0,568.0
2019-06-13 13:43:00.024,618.0,618.0
2019-06-13 13:43:00.808,639.0,639.0
2019-06-13 13:43:01.312,583.0,583.0
2019-06-13 13:43:01.760,519.0,
2019-06-13 13:43:03.552,537.0,
2019-06-13 13:43:04.560,544.0,544.0
2019-06-13 13:43:05.064,552.0,552.0
2019-06-13 13:43:06.296,556.0,556.0
2019-06-13 13:43:06.800,519.0,
2019-06-13 13:43:07.808,529.0,
2019-06-13 13:43:08.312,521.0,
2019-06-13 13:43:08.760,505.0,
2019-06-13 13:43:09.264,502.0,
2019-06-13 13:43:09.768,506.0,
2019-06-13 13:43:10.272,491.0,
2019-06-13 13:43:12.288,758.0,
2019-06-13 13:43:13.520,817.0,
2019-06-13 13:43:14.304,622.0,622.0
2019-06-13 13:43:15.032,792.0,
2019-06-13 13:43:15.536,590.0,590.0
2019-06-13 13:43:16.544,875.0,
2019-06-13 13:43:19.064,624.0,624.0
2019-06-13 13:43:19.792,786.0,
2019-06-13 13:43:20.296,632.0,632.0
2019-06-13 13:43:20.800,553.0,553.0
2019-06-13 13:43:22.312,640.0,640.0
2019-06-13 13:43:23.040,713.0,
2019-06-13 13:43:23.768,797.0,
2019-06-13 13:43:24.272,616.0,616.0
2019-06-13 13:43:25.056,582.0,582.0
2019-06-13 13:43:25.560,574.0,574.0
2019-06-13 13:43:26.064,573.0,573.0
2019-06-13 13:43:26.512,540.0,540.0
2019-06-13 13:43:27.296,509.0,509.0
2019-06-13 13:43:27.520,486.0,486.0
2019-06-13 13:43:29.312,527.0,527.0
2019-06-13 13:43:29.760,584.0,584.0
2019-06-13 13:43:31.048,531.0,531.0
2019-06-13 13:43:31.552,479.0,479.0
2019-06-13 13:43:31.776,463.0,463.0
2019-06-13 13:43:32.280,440.0,440.0
2019-06-13 13:43:32.784,419.0,419.0
2019-06-13 13:43:33.512,384.0,384.0
2019-06-13 13:43:34.520,345.0,
2019-06-13 13:43:36.312,298.0,
2019-06-13 13:43:36.536,292.0,
2019-06-13 13:43:36.760,286.0,
2019-06-13 13:43:37.264,288.0,
2019-06-13 13:43:38.552,281.0,
2019-06-13 13:43:38.776,281.0,
2019-06-13 13:43:39.056,296.0,
2019-06-13 13:43:39.280,299.0,
2019-06-13 13:43:41.016,348.0,
2019-06-13 13:43:41.520,368.0,368.0
2019-06-13 13:43:43.312,413.0,413.0
2019-06-13 13:43:44.040,416.0,416.0
2019-06-13 13:43:44.768,397.0,397.0
2019-06-13 13:43:46.560,497.0,497.0
2019-06-13 13:43:47.064,456.0,456.0
2019-06-13 13:43:48.016,577.0,
2019-06-13 13:43:49.304,554.0,
2019-06-13 13:43:50.312,664.0,
2019-06-13 13:43:50.760,485.0,485.0
2019-06-13 13:43:51.264,562.0,
2019-06-13 13:43:52.552,753.0,
2019-06-13 13:43:53.056,549.0,549.0
2019-06-13 13:43:53.560,471.0,471.0
2019-06-13 13:43:55.016,517.0,517.0
2019-06-13 13:43:55.520,459.0,459.0
2019-06-13 13:43:57.312,515.0,515.0
2019-06-13 13:43:58.040,605.0,
2019-06-13 13:44:00.280,492.0,492.0
2019-06-13 13:44:01.288,479.0,479.0
2019-06-13 13:44:01.792,452.0,452.0
2019-06-13 13:44:02.296,461.0,461.0
2019-06-13 13:44:03.304,477.0,477.0
2019-06-13 13:44:03.808,504.0,504.0
2019-06-13 13:44:04.312,482.0,482.0
2019-06-13 13:44:06.048,464.0,464.0
2019-06-13 13:44:06.552,455.0,455.0
2019-06-13 13:44:07.056,457.0,457.0
2019-06-13 13:44:07.560,487.0,487.0
2019-06-13 13:44:08.792,637.0,
2019-06-13 13:44:09.800,544.0,
2019-06-13 13:44:10.304,568.0,
2019-06-13 13:44:10.808,559.0,
2019-06-13 13:44:12.040,503.0,503.0
2019-06-13 13:44:12.768,470.0,470.0
2019-06-13 13:44:13.272,475.0,475.0
2019-06-13 13:44:13.776,486.0,486.0
2019-06-13 13:44:14.784,447.0,447.0
2019-06-13 13:44:16.016,376.0,
2019-06-13 13:44:16.296,359.0,
2019-06-13 13:44:17.024,336.0,
2019-06-13 13:44:18.312,315.0,
2019-06-13 13:44:20.552,301.0,
2019-06-13 13:44:21.560,305.0,
2019-06-13 13:44:26.544,399.0,399.0
2019-06-13 13:44:27.272,403.0,403.0
2019-06-13 13:44:27.776,418.0,418.0
2019-06-13 13:44:28.560,455.0,455.0
2019-06-13 13:44:29.792,414.0,414.0
2019-06-13 13:44:30.520,404.0,404.0
2019-06-13 13:44:31.024,392.0,392.0
2019-06-13 13:44:32.032,369.0,369.0
2019-06-13 13:44:33.264,412.0,412.0
2019-06-13 13:44:34.552,454.0,
2019-06-13 13:44:35.056,437.0,437.0
2019-06-13 13:44:36.288,411.0,411.0
2019-06-13 13:44:36.792,406.0,406.0
2019-06-13 13:44:39.032,381.0,381.0
2019-06-13 13:44:40.544,390.0,390.0
2019-06-13 13:44:41.272,386.0,386.0
2019-06-13 13:44:42.056,366.0,366.0
2019-06-13 13:44:42.560,364.0,
2019-06-13 13:44:43.288,346.0,
2019-06-13 13:44:44.296,364.0,
2019-06-13 13:44:45.808,369.0,
2019-06-13 13:44:48.552,417.0,417.0
2019-06-13 13:44:48.776,428.0,428.0
2019-06-13 13:44:50.288,499.0,499.0
2019-06-13 13:44:53.536,379.0,
2019-06-13 13:45:00.032,367.0,
2019-06-13 13:45:04.792,426.0,426.0
2019-06-13 13:45:05.520,420.0,420.0
2019-06-13 13:45:07.536,551.0,
2019-06-13 13:45:08.040,594.0,
2019-06-13 13:45:09.272,511.0,
2019-06-13 13:45:09.776,474.0,474.0
2019-06-13 13:45:10.784,484.0,484.0
2019-06-13 13:45:11.792,536.0,
2019-06-13 13:45:12.296,603.0,
2019-06-13 13:45:12.800,600.0,
2019-06-13 13:45:13.528,555.0,
2019-06-13 13:45:14.032,492.0,492.0
2019-06-13 13:45:14.536,499.0,499.0
2019-06-13 13:45:16.552,527.0,
2019-06-13 13:45:19.016,490.0,490.0
2019-06-13 13:45:20.024,453.0,453.0
2019-06-13 13:45:20.304,439.0,439.0
2019-06-13 13:45:21.536,418.0,418.0
2019-06-13 13:45:22.544,431.0,431.0
2019-06-13 13:45:24.280,465.0,465.0
2019-06-13 13:45:24.784,446.0,446.0
2019-06-13 13:45:25.792,407.0,407.0
2019-06-13 13:45:30.272,338.0,338.0
2019-06-13 13:45:32.064,293.0,
2019-06-13 13:45:35.312,383.0,383.0
2019-06-13 13:45:36.264,450.0,450.0
2019-06-13 13:45:39.288,326.0,326.0
2019-06-13 13:45:39.792,308.0,
2019-06-13 13:45:40.800,310.0,
2019-06-13 13:45:45.056,280.0,
2019-06-13 13:45:45.280,277.0,
2019-06-13 13:45:45.560,275.0,
2019-06-13 13:45:45.784,269.0,
2019-06-13 13:45:46.064,270.0,
2019-06-13 13:45:49.032,322.0,322.0
2019-06-13 13:45:55.528,355.0,355.0
2019-06-13 13:45:58.272,278.0,
2019-06-13 13:45:59.280,289.0,
2019-06-13 13:45:59.560,297.0,
2019-06-13 13:46:00.064,300.0,
2019-06-13 13:46:02.528,314.0,
2019-06-13 13:46:06.056,347.0,347.0
2019-06-13 13:46:06.280,341.0,341.0
2019-06-13 13:46:10.032,381.0,381.0
2019-06-13 13:46:14.512,454.0,454.0
2019-06-13 13:46:15.800,539.0,539.0
2019-06-13 13:46:16.024,445.0,445.0
2019-06-13 13:46:18.544,436.0,436.0
2019-06-13 13:46:23.304,401.0,401.0
2019-06-13 13:46:24.312,468.0,468.0
2019-06-13 13:46:24.760,443.0,443.0
2019-06-13 13:46:26.552,424.0,424.0
2019-06-13 13:46:26.776,435.0,435.0
2019-06-13 13:46:28.792,496.0,496.0
2019-06-13 13:46:32.040,438.0,438.0
2019-06-13 13:46:38.536,513.0,513.0
2019-06-13 13:46:41.056,523.0,523.0
2019-06-13 13:46:41.560,541.0,541.0
2019-06-13 13:46:42.064,521.0,521.0
2019-06-13 13:46:44.808,602.0,602.0
2019-06-13 13:46:45.312,510.0,510.0
2019-06-13 13:46:48.280,685.0,685.0
2019-06-13 13:46:49.064,866.0,
2019-06-13 13:46:49.792,740.0,
2019-06-13 13:46:50.520,799.0,
2019-06-13 13:46:52.032,644.0,644.0
2019-06-13 13:46:52.760,820.0,
2019-06-13 13:46:53.544,667.0,667.0
2019-06-13 13:46:54.272,743.0,743.0
2019-06-13 13:46:54.776,609.0,609.0
2019-06-13 13:46:55.560,797.0,
2019-06-13 13:46:57.016,747.0,747.0
2019-06-13 13:46:57.520,686.0,686.0
2019-06-13 13:46:59.032,875.0,
2019-06-13 13:46:59.536,570.0,570.0
2019-06-13 13:47:00.264,598.0,598.0
2019-06-13 13:47:00.768,573.0,573.0
2019-06-13 13:47:02.056,575.0,575.0
2019-06-13 13:47:02.784,844.0,844.0
2019-06-13 13:47:03.512,637.0,637.0
2019-06-13 13:47:04.016,543.0,543.0
2019-06-13 13:47:04.520,530.0,530.0
2019-06-13 13:47:05.808,619.0,619.0
2019-06-13 13:47:06.760,1030.0,
2019-06-13 13:47:08.272,892.0,892.0
2019-06-13 13:47:09.784,700.0,700.0
2019-06-13 13:47:10.288,702.0,702.0
2019-06-13 13:47:11.016,727.0,727.0
2019-06-13 13:47:12.024,482.0,482.0
2019-06-13 13:47:12.528,453.0,453.0
2019-06-13 13:47:13.032,433.0,433.0
2019-06-13 13:47:13.760,410.0,410.0
2019-06-13 13:47:15.272,546.0,546.0
2019-06-13 13:47:19.528,2529.0,
2019-06-13 13:47:20.032,584.0,584.0
2019-06-13 13:47:20.760,613.0,613.0
2019-06-13 13:47:21.264,619.0,619.0
2019-06-13 13:47:21.768,591.0,591.0
2019-06-13 13:47:22.272,522.0,522.0
2019-06-13 13:47:23.056,564.0,564.0
2019-06-13 13:47:23.560,649.0,649.0
2019-06-13 13:47:24.288,622.0,622.0
2019-06-13 13:47:24.792,579.0,579.0
2019-06-13 13:47:27.312,2477.0,
2019-06-13 13:47:30.784,674.0,674.0
2019-06-13 13:47:32.016,609.0,609.0
2019-06-13 13:47:32.800,652.0,652.0
2019-06-13 13:47:34.536,710.0,710.0
2019-06-13 13:47:36.776,588.0,588.0
2019-06-13 13:47:37.784,900.0,900.0
2019-06-13 13:47:38.288,580.0,580.0
2019-06-13 13:47:40.024,1067.0,1067.0
2019-06-13 13:47:41.032,886.0,886.0
2019-06-13 13:47:42.544,1537.0,
2019-06-13 13:47:43.552,1090.0,
2019-06-13 13:47:44.784,891.0,891.0
2019-06-13 13:47:46.016,1253.0,
2019-06-13 13:47:51.784,279.0,
2019-06-13 13:47:52.064,273.0,
2019-06-13 13:47:57.552,357.0,
2019-06-13 13:48:00.296,412.0,
2019-06-13 13:48:05.056,528.0,528.0
2019-06-13 13:48:08.808,509.0,509.0
2019-06-13 13:48:12.560,531.0,531.0
2019-06-13 13:48:14.296,623.0,623.0
2019-06-13 13:48:17.040,435.0,
2019-06-13 13:48:19.056,843.0,843.0
2019-06-13 13:48:19.560,426.0,
2019-06-13 13:48:20.288,829.0,829.0
2019-06-13 13:48:21.520,807.0,807.0
2019-06-13 13:48:25.272,780.0,780.0
2019-06-13 13:48:26.784,747.0,747.0
2019-06-13 13:48:33.056,395.0,
2019-06-13 13:48:36.528,512.0,512.0
2019-06-13 13:48:37.032,452.0,
2019-06-13 13:48:38.544,456.0,
2019-06-13 13:48:43.304,493.0,493.0
2019-06-13 13:48:44.032,762.0,
2019-06-13 13:48:44.760,686.0,686.0
2019-06-13 13:48:45.264,581.0,581.0
2019-06-13 13:48:49.800,425.0,
2019-06-13 13:48:52.768,534.0,534.0
2019-06-13 13:48:54.056,627.0,627.0
2019-06-13 13:48:54.784,665.0,665.0
2019-06-13 13:48:56.016,721.0,721.0
2019-06-13 13:49:01.280,520.0,520.0
2019-06-13 13:49:02.064,909.0,
2019-06-13 13:49:03.016,967.0,
2019-06-13 13:49:03.800,724.0,724.0
2019-06-13 13:49:04.528,708.0,708.0
2019-06-13 13:49:05.032,626.0,626.0
2019-06-13 13:49:05.760,560.0,560.0
2019-06-13 13:49:06.264,532.0,532.0
2019-06-13 13:49:07.776,554.0,554.0
2019-06-13 13:49:09.064,601.0,601.0
2019-06-13 13:49:10.800,528.0,
2019-06-13 13:49:11.528,858.0,
2019-06-13 13:49:13.040,899.0,
2019-06-13 13:49:13.544,516.0,
2019-06-13 13:49:14.552,885.0,
2019-06-13 13:49:15.280,764.0,764.0
2019-06-13 13:49:18.024,472.0,
2019-06-13 13:49:18.528,500.0,
2019-06-13 13:49:22.280,690.0,690.0
2019-06-13 13:49:23.064,646.0,646.0
2019-06-13 13:49:24.520,913.0,
2019-06-13 13:49:25.808,932.0,
2019-06-13 13:49:26.312,475.0,
2019-06-13 13:49:27.264,925.0,
2019-06-13 13:49:27.768,495.0,
2019-06-13 13:49:28.552,862.0,
2019-06-13 13:49:29.560,858.0,
2019-06-13 13:49:30.288,887.0,
2019-06-13 13:49:31.800,621.0,621.0
2019-06-13 13:49:32.808,884.0,
2019-06-13 13:49:34.264,871.0,
2019-06-13 13:49:35.048,869.0,
2019-06-13 13:49:35.776,733.0,733.0
2019-06-13 13:49:36.784,983.0,
2019-06-13 13:49:38.520,971.0,
2019-06-13 13:49:39.024,658.0,658.0
2019-06-13 13:49:41.544,902.0,
2019-06-13 13:49:43.280,569.0,569.0
2019-06-13 13:49:44.792,675.0,675.0
2019-06-13 13:49:45.296,607.0,607.0
2019-06-13 13:49:45.800,558.0,558.0
2019-06-13 13:49:46.528,577.0,577.0
2019-06-13 13:49:48.264,613.0,613.0
2019-06-13 13:49:48.768,600.0,600.0
2019-06-13 13:49:49.552,662.0,662.0
2019-06-13 13:49:51.288,489.0,489.0
2019-06-13 13:49:57.056,292.0,
2019-06-13 13:49:57.280,289.0,
2019-06-13 13:50:00.808,266.0,
2019-06-13 13:50:01.032,265.0,
2019-06-13 13:50:01.312,264.0,
2019-06-13 13:50:01.536,263.0,
2019-06-13 13:50:01.760,261.0,
2019-06-13 13:50:02.040,262.0,
2019-06-13 13:50:02.264,262.0,
2019-06-13 13:50:02.544,266.0,
2019-06-13 13:50:13.016,562.0,562.0
2019-06-13 13:50:14.304,599.0,599.0
2019-06-13 13:50:16.040,566.0,566.0
2019-06-13 13:50:16.544,660.0,660.0
2019-06-13 13:50:17.272,783.0,783.0
2019-06-13 13:50:18.056,668.0,668.0
2019-06-13 13:50:19.064,903.0,
2019-06-13 13:50:20.520,968.0,
2019-06-13 13:50:21.304,754.0,754.0
2019-06-13 13:50:21.808,630.0,630.0
2019-06-13 13:50:22.760,870.0,870.0
2019-06-13 13:50:23.544,879.0,879.0
2019-06-13 13:50:24.272,680.0,680.0
2019-06-13 13:50:27.520,937.0,
2019-06-13 13:50:29.032,923.0,923.0
2019-06-13 13:50:29.760,771.0,771.0
2019-06-13 13:50:30.768,1066.0,
2019-06-13 13:50:31.552,620.0,620.0
2019-06-13 13:50:34.016,1011.0,
2019-06-13 13:50:36.312,1093.0,
2019-06-13 13:50:38.552,806.0,806.0
2019-06-13 13:50:40.288,1175.0,
2019-06-13 13:50:41.520,659.0,659.0
2019-06-13 13:50:42.528,937.0,937.0
2019-06-13 13:50:45.272,511.0,
2019-06-13 13:50:46.280,1090.0,
2019-06-13 13:50:47.064,666.0,666.0
2019-06-13 13:50:48.800,1060.0,
2019-06-13 13:50:50.312,831.0,831.0
2019-06-13 13:50:51.264,992.0,
2019-06-13 13:50:51.768,651.0,651.0
2019-06-13 13:50:53.560,1128.0,
2019-06-13 13:50:54.288,606.0,606.0
2019-06-13 13:50:54.792,624.0,624.0
2019-06-13 13:50:56.024,1047.0,
2019-06-13 13:50:58.040,1013.0,
2019-06-13 13:50:58.768,597.0,597.0
2019-06-13 13:51:00.280,1066.0,
2019-06-13 13:51:03.528,472.0,472.0
2019-06-13 13:51:08.792,318.0,318.0
2019-06-13 13:51:25.760,373.0,373.0
2019-06-13 13:51:27.552,445.0,445.0
2019-06-13 13:51:28.560,578.0,578.0
2019-06-13 13:51:29.064,650.0,650.0
2019-06-13 13:51:30.296,587.0,587.0
2019-06-13 13:51:32.760,641.0,641.0
2019-06-13 13:51:34.552,545.0,545.0
2019-06-13 13:51:36.792,518.0,518.0
2019-06-13 13:51:37.520,548.0,548.0
2019-06-13 13:51:42.280,480.0,480.0
2019-06-13 13:51:43.064,466.0,466.0
2019-06-13 13:51:45.304,358.0,358.0
2019-06-13 13:51:55.048,328.0,328.0
2019-06-13 13:51:57.512,341.0,341.0
2019-06-13 13:51:58.296,353.0,353.0
2019-06-13 13:51:59.304,372.0,372.0
2019-06-13 13:52:09.048,427.0,427.0
2019-06-13 13:52:13.024,360.0,360.0
